sample_id,holeid,MOD_ALT,labeled
S00001,SYN-001,Oxd,True
S00002,SYN-001,Oxd,True
S00003,SYN-001,Oxd,True
S00004,SYN-001,Oxd,True
S00005,SYN-001,Oxd,True
S00006,SYN-001,ArgAvd,True
S00007,SYN-001,ArgAvd,False
S00008,SYN-001,Oxd,True
S00009,SYN-001,Oxd,True
S00010,SYN-001,Oxd,True
S00011,SYN-001,Oxd,False
S00012,SYN-001,ArgAvd,True
S00013,SYN-001,Oxd,False
S00014,SYN-001,Oxd,True
S00015,SYN-001,Oxd,True
S00016,SYN-001,Oxd,True
S00017,SYN-001,ArgAvd,True
S00018,SYN-001,Oxd,True
S00019,SYN-001,Oxd,True
S00020,SYN-001,Oxd,True
S00021,SYN-001,Oxd,True
S00022,SYN-001,Oxd,False
S00023,SYN-001,Oxd,True
S00024,SYN-001,Oxd,True
S00025,SYN-001,ArgAvd,True
S00026,SYN-001,Arg,True
S00027,SYN-001,ArgAvd,True
S00028,SYN-001,Oxd,True
S00029,SYN-001,Oxd,True
S00030,SYN-001,Oxd,True
S00031,SYN-001,Fil,True
S00032,SYN-001,ArgAvd,True
S00033,SYN-001,Fil,True
S00034,SYN-001,Fil,True
S00035,SYN-001,Arg,True
S00036,SYN-001,ArgAvd,True
S00037,SYN-001,ArgAvd,True
S00038,SYN-001,ArgAvd,True
S00039,SYN-001,ArgAvd,True
S00040,SYN-001,Arg,True
S00041,SYN-001,Fil,True
S00042,SYN-001,Arg,True
S00043,SYN-001,Arg,True
S00044,SYN-001,Fil,True
S00045,SYN-001,Fil,True
S00046,SYN-001,Fil,True
S00047,SYN-001,Arg,False
S00048,SYN-001,Fil,True
S00049,SYN-001,Fil,True
S00050,SYN-001,Arg,True
S00051,SYN-001,Fil,True
S00052,SYN-001,Fil,True
S00053,SYN-001,ArgAvd,True
S00054,SYN-001,Arg,True
S00055,SYN-001,Arg,True
S00056,SYN-001,Fil,True
S00057,SYN-001,Arg,True
S00058,SYN-001,Arg,True
S00059,SYN-001,Arg,True
S00060,SYN-001,Fil,False
S00061,SYN-001,Fil,True
S00062,SYN-001,Arg,True
S00063,SYN-001,Arg,True
S00064,SYN-001,Arg,True
S00065,SYN-001,Fil,False
S00066,SYN-001,Arg,True
S00067,SYN-001,Fil,True
S00068,SYN-001,Arg,True
S00069,SYN-001,Arg,True
S00070,SYN-001,Arg,True
S00071,SYN-001,Arg,True
S00072,SYN-001,Arg,True
S00073,SYN-001,Pro,True
S00074,SYN-001,Arg,True
S00075,SYN-001,Arg,True
S00076,SYN-001,Arg,True
S00077,SYN-001,Fil,True
S00078,SYN-001,Arg,True
S00079,SYN-001,Fil,True
S00080,SYN-001,Fil,True
S00081,SYN-001,Pro,True
S00082,SYN-001,Pro,True
S00083,SYN-001,Pro,True
S00084,SYN-001,Arg,True
S00085,SYN-001,Arg,True
S00086,SYN-001,Fil,False
S00087,SYN-001,Fil,True
S00088,SYN-001,Arg,True
S00089,SYN-001,Fil,True
S00090,SYN-001,Fil,True
S00091,SYN-001,Fil,True
S00092,SYN-001,Fil,True
S00093,SYN-001,Pro,True
S00094,SYN-001,Pro,True
S00095,SYN-001,Pro,False
S00096,SYN-001,Pro,True
S00097,SYN-001,Fil,True
S00098,SYN-001,Pro,True
S00099,SYN-001,Pro,True
S00100,SYN-001,Pro,False
S00101,SYN-001,Fil,True
S00102,SYN-001,Fil,True
S00103,SYN-001,Pro,True
S00104,SYN-001,Pro,True
S00105,SYN-002,Oxd,True
S00106,SYN-002,Oxd,True
S00107,SYN-002,Oxd,True
S00108,SYN-002,Oxd,False
S00109,SYN-002,Oxd,True
S00110,SYN-002,Oxd,True
S00111,SYN-002,ArgAvd,True
S00112,SYN-002,Oxd,True
S00113,SYN-002,Oxd,True
S00114,SYN-002,Oxd,False
S00115,SYN-002,Oxd,False
S00116,SYN-002,ArgAvd,True
S00117,SYN-002,Oxd,True
S00118,SYN-002,Oxd,True
S00119,SYN-002,Oxd,True
S00120,SYN-002,Oxd,True
S00121,SYN-002,Oxd,True
S00122,SYN-002,Oxd,True
S00123,SYN-002,Oxd,True
S00124,SYN-002,ArgAvd,True
S00125,SYN-002,Oxd,False
S00126,SYN-002,Oxd,False
S00127,SYN-002,Oxd,True
S00128,SYN-002,Fil,True
S00129,SYN-002,Oxd,False
S00130,SYN-002,Fil,True
S00131,SYN-002,Fil,True
S00132,SYN-002,Oxd,True
S00133,SYN-002,Fil,True
S00134,SYN-002,Oxd,True
S00135,SYN-002,Arg,True
S00136,SYN-002,Arg,False
S00137,SYN-002,Arg,True
S00138,SYN-002,Arg,True
S00139,SYN-002,Fil,True
S00140,SYN-002,Arg,False
S00141,SYN-002,Fil,True
S00142,SYN-002,Fil,True
S00143,SYN-002,Arg,True
S00144,SYN-002,Arg,True
S00145,SYN-002,Fil,True
S00146,SYN-002,Fil,True
S00147,SYN-002,Arg,False
S00148,SYN-002,Fil,True
S00149,SYN-002,Fil,False
S00150,SYN-002,Arg,False
S00151,SYN-002,Fil,True
S00152,SYN-002,Fil,True
S00153,SYN-002,Arg,True
S00154,SYN-002,Arg,True
S00155,SYN-002,Arg,True
S00156,SYN-002,Arg,True
S00157,SYN-002,Arg,True
S00158,SYN-002,Arg,True
S00159,SYN-002,Arg,True
S00160,SYN-002,Arg,True
S00161,SYN-002,Fil,True
S00162,SYN-002,Arg,True
S00163,SYN-002,Arg,True
S00164,SYN-002,Arg,True
S00165,SYN-002,Arg,True
S00166,SYN-002,Arg,True
S00167,SYN-002,Arg,True
S00168,SYN-002,Fil,False
S00169,SYN-002,Fil,True
S00170,SYN-002,Arg,True
S00171,SYN-002,Fil,True
S00172,SYN-002,Pro,False
S00173,SYN-002,Arg,False
S00174,SYN-002,Pro,False
S00175,SYN-002,Arg,True
S00176,SYN-002,Arg,True
S00177,SYN-002,Sk,True
S00178,SYN-002,Arg,False
S00179,SYN-002,Arg,False
S00180,SYN-002,Fil,True
S00181,SYN-002,Fil,True
S00182,SYN-002,Arg,True
S00183,SYN-002,Arg,False
S00184,SYN-002,Arg,True
S00185,SYN-002,Arg,True
S00186,SYN-002,Arg,True
S00187,SYN-002,Arg,True
S00188,SYN-002,Sk,True
S00189,SYN-002,Pro,True
S00190,SYN-002,Arg,True
S00191,SYN-002,Pro,True
S00192,SYN-002,Arg,True
S00193,SYN-002,Arg,True
S00194,SYN-002,Fil,True
S00195,SYN-002,Fil,True
S00196,SYN-002,Fil,True
S00197,SYN-002,Fil,False
S00198,SYN-002,Fil,True
S00199,SYN-002,Arg,True
S00200,SYN-002,Arg,True
S00201,SYN-003,ArgAvd,True
S00202,SYN-003,Oxd,True
S00203,SYN-003,Oxd,True
S00204,SYN-003,Oxd,True
S00205,SYN-003,Oxd,True
S00206,SYN-003,Oxd,True
S00207,SYN-003,Oxd,False
S00208,SYN-003,Oxd,True
S00209,SYN-003,ArgAvd,True
S00210,SYN-003,Oxd,True
S00211,SYN-003,Oxd,False
S00212,SYN-003,Oxd,True
S00213,SYN-003,Oxd,True
S00214,SYN-003,Oxd,False
S00215,SYN-003,Oxd,True
S00216,SYN-003,Oxd,True
S00217,SYN-003,Oxd,True
S00218,SYN-003,Oxd,True
S00219,SYN-003,Oxd,False
S00220,SYN-003,ArgAvd,True
S00221,SYN-003,Oxd,True
S00222,SYN-003,Oxd,True
S00223,SYN-003,Oxd,True
S00224,SYN-003,Oxd,True
S00225,SYN-003,ArgAvd,True
S00226,SYN-003,ArgAvd,False
S00227,SYN-003,ArgAvd,True
S00228,SYN-003,Fil,True
S00229,SYN-003,ArgAvd,False
S00230,SYN-003,Oxd,False
S00231,SYN-003,Fil,True
S00232,SYN-003,ArgAvd,True
S00233,SYN-003,ArgAvd,False
S00234,SYN-003,Fil,True
S00235,SYN-003,ArgAvd,True
S00236,SYN-003,Fil,False
S00237,SYN-003,Fil,True
S00238,SYN-003,ArgAvd,False
S00239,SYN-003,Fil,False
S00240,SYN-003,Fil,False
S00241,SYN-003,Fil,True
S00242,SYN-003,Fil,False
S00243,SYN-003,ArgAvd,False
S00244,SYN-003,Fil,True
S00245,SYN-003,Fil,True
S00246,SYN-003,ArgAvd,True
S00247,SYN-003,Arg,True
S00248,SYN-003,Fil,True
S00249,SYN-003,ArgAvd,True
S00250,SYN-003,Arg,True
S00251,SYN-003,Arg,True
S00252,SYN-003,Fil,True
S00253,SYN-003,Arg,True
S00254,SYN-003,Fil,False
S00255,SYN-003,ArgAvd,True
S00256,SYN-003,Fil,True
S00257,SYN-003,Arg,True
S00258,SYN-003,Fil,True
S00259,SYN-003,Fil,True
S00260,SYN-003,Fil,True
S00261,SYN-003,Arg,False
S00262,SYN-003,ArgAvd,False
S00263,SYN-003,Fil,True
S00264,SYN-003,Arg,True
S00265,SYN-003,Fil,True
S00266,SYN-003,Fil,True
S00267,SYN-003,Arg,True
S00268,SYN-003,Arg,True
S00269,SYN-003,Arg,True
S00270,SYN-003,Arg,True
S00271,SYN-003,Fil,True
S00272,SYN-003,Fil,True
S00273,SYN-003,Fil,True
S00274,SYN-003,Sk,True
S00275,SYN-003,Arg,True
S00276,SYN-003,Arg,True
S00277,SYN-003,Arg,True
S00278,SYN-003,Arg,True
S00279,SYN-003,Arg,True
S00280,SYN-003,Sk,True
S00281,SYN-003,Fil,True
S00282,SYN-003,Arg,True
S00283,SYN-003,Pro,True
S00284,SYN-003,Arg,True
S00285,SYN-003,Sk,False
S00286,SYN-003,Fil,False
S00287,SYN-003,Arg,False
S00288,SYN-003,Fil,True
S00289,SYN-003,Arg,True
S00290,SYN-003,Pro,True
S00291,SYN-003,Arg,False
S00292,SYN-003,Fil,True
S00293,SYN-003,Fil,False
S00294,SYN-003,Fil,False
S00295,SYN-003,Fil,True
S00296,SYN-003,Pro,True
S00297,SYN-003,Fil,False
S00298,SYN-003,Fil,True
S00299,SYN-003,Sk,False
S00300,SYN-003,Pro,True
S00301,SYN-003,Pro,True
S00302,SYN-003,Fil,False
S00303,SYN-003,Pro,True
S00304,SYN-003,Pro,False
S00305,SYN-003,Pro,True
S00306,SYN-003,Pro,True
S00307,SYN-003,Fil,False
S00308,SYN-003,Fil,True
S00309,SYN-003,Pro,True
S00310,SYN-003,Arg,True
S00311,SYN-003,Pro,True
S00312,SYN-003,Pro,False
S00313,SYN-003,Pro,True
S00314,SYN-003,Pro,False
S00315,SYN-003,Pro,True
S00316,SYN-003,Fil,True
S00317,SYN-003,Pro,True
S00318,SYN-003,Pro,True
S00319,SYN-004,Oxd,True
S00320,SYN-004,Oxd,True
S00321,SYN-004,Oxd,True
S00322,SYN-004,Oxd,True
S00323,SYN-004,Oxd,True
S00324,SYN-004,Oxd,True
S00325,SYN-004,Oxd,True
S00326,SYN-004,ArgAvd,True
S00327,SYN-004,Oxd,False
S00328,SYN-004,Oxd,True
S00329,SYN-004,Oxd,True
S00330,SYN-004,Oxd,True
S00331,SYN-004,Oxd,True
S00332,SYN-004,Oxd,False
S00333,SYN-004,Oxd,True
S00334,SYN-004,Oxd,True
S00335,SYN-004,Oxd,True
S00336,SYN-004,Oxd,True
S00337,SYN-004,Oxd,False
S00338,SYN-004,Fil,True
S00339,SYN-004,Oxd,True
S00340,SYN-004,Oxd,True
S00341,SYN-004,Oxd,False
S00342,SYN-004,Oxd,True
S00343,SYN-004,Oxd,True
S00344,SYN-004,Oxd,False
S00345,SYN-004,ArgAvd,True
S00346,SYN-004,ArgAvd,True
S00347,SYN-004,Oxd,True
S00348,SYN-004,ArgAvd,True
S00349,SYN-004,ArgAvd,True
S00350,SYN-004,ArgAvd,False
S00351,SYN-004,ArgAvd,True
S00352,SYN-004,ArgAvd,True
S00353,SYN-004,ArgAvd,True
S00354,SYN-004,ArgAvd,False
S00355,SYN-004,ArgAvd,True
S00356,SYN-004,Fil,True
S00357,SYN-004,ArgAvd,False
S00358,SYN-004,ArgAvd,True
S00359,SYN-004,ArgAvd,True
S00360,SYN-004,ArgAvd,False
S00361,SYN-004,ArgAvd,True
S00362,SYN-004,ArgAvd,False
S00363,SYN-004,ArgAvd,True
S00364,SYN-004,ArgAvd,True
S00365,SYN-004,ArgAvd,False
S00366,SYN-004,ArgAvd,False
S00367,SYN-004,ArgAvd,True
S00368,SYN-004,ArgAvd,True
S00369,SYN-004,ArgAvd,True
S00370,SYN-004,ArgAvd,True
S00371,SYN-004,ArgAvd,True
S00372,SYN-004,ArgAvd,True
S00373,SYN-004,ArgAvd,False
S00374,SYN-004,ArgAvd,True
S00375,SYN-004,ArgAvd,True
S00376,SYN-004,ArgAvd,True
S00377,SYN-004,ArgAvd,True
S00378,SYN-004,Sk,True
S00379,SYN-004,ArgAvd,True
S00380,SYN-004,ArgAvd,True
S00381,SYN-004,ArgAvd,True
S00382,SYN-004,ArgAvd,True
S00383,SYN-004,ArgAvd,True
S00384,SYN-004,ArgAvd,True
S00385,SYN-004,ArgAvd,False
S00386,SYN-004,Sk,False
S00387,SYN-004,Fil,True
S00388,SYN-004,Fil,True
S00389,SYN-004,ArgAvd,True
S00390,SYN-004,ArgAvd,True
S00391,SYN-004,Sk,True
S00392,SYN-004,ArgAvd,True
S00393,SYN-004,ArgAvd,False
S00394,SYN-004,ArgAvd,True
S00395,SYN-004,ArgAvd,True
S00396,SYN-004,Sk,True
S00397,SYN-004,Sk,True
S00398,SYN-004,Sk,True
S00399,SYN-004,Sk,True
S00400,SYN-004,ArgAvd,True
S00401,SYN-004,Sk,True
S00402,SYN-004,Sk,True
S00403,SYN-004,Sk,False
S00404,SYN-004,Sk,True
S00405,SYN-004,Sk,True
S00406,SYN-004,Sk,True
S00407,SYN-004,Sk,False
S00408,SYN-004,Sk,False
S00409,SYN-004,Sk,True
S00410,SYN-004,Sk,True
S00411,SYN-004,Sk,True
S00412,SYN-004,Sk,True
S00413,SYN-004,Sk,False
S00414,SYN-004,Sk,False
S00415,SYN-004,Sk,True
S00416,SYN-004,Sk,False
S00417,SYN-004,Sk,True
S00418,SYN-004,Sk,True
S00419,SYN-004,Sk,True
S00420,SYN-004,Sk,True
S00421,SYN-004,Sk,True
S00422,SYN-004,Sk,True
S00423,SYN-004,Sk,False
S00424,SYN-004,Sk,True
S00425,SYN-004,Sk,True
S00426,SYN-004,Sk,False
S00427,SYN-004,Sk,True
S00428,SYN-004,Pro,True
S00429,SYN-004,Sk,True
S00430,SYN-004,Sk,True
S00431,SYN-004,Sk,True
S00432,SYN-004,Sk,True
S00433,SYN-004,Sk,True
S00434,SYN-004,Sk,True
S00435,SYN-004,Sk,False
S00436,SYN-004,Sk,True
S00437,SYN-004,Sk,True
S00438,SYN-004,Pro,True
S00439,SYN-004,Pro,True
S00440,SYN-004,Pro,True
S00441,SYN-004,Sk,True
S00442,SYN-004,Sk,True
S00443,SYN-004,Sk,True
S00444,SYN-004,Sk,True
S00445,SYN-004,Sk,True
S00446,SYN-004,Sk,True
S00447,SYN-004,Sk,False
S00448,SYN-004,Sk,True
S00449,SYN-004,Sk,False
S00450,SYN-004,Sk,True
S00451,SYN-004,Sk,True
S00452,SYN-004,Sk,True
S00453,SYN-004,Sk,True
S00454,SYN-004,Sk,True
S00455,SYN-004,Sk,True
S00456,SYN-004,Sk,True
S00457,SYN-004,Arg,True
S00458,SYN-004,Sk,True
S00459,SYN-004,Sk,True
S00460,SYN-004,Sk,True
S00461,SYN-004,Pro,True
S00462,SYN-004,Sk,True
S00463,SYN-004,Pro,True
S00464,SYN-004,Pro,True
S00465,SYN-004,Sk,True
S00466,SYN-004,Sk,True
S00467,SYN-005,Oxd,True
S00468,SYN-005,Oxd,True
S00469,SYN-005,Oxd,True
S00470,SYN-005,Oxd,True
S00471,SYN-005,Oxd,True
S00472,SYN-005,Oxd,True
S00473,SYN-005,Oxd,False
S00474,SYN-005,Oxd,False
S00475,SYN-005,Oxd,True
S00476,SYN-005,ArgAvd,True
S00477,SYN-005,Oxd,True
S00478,SYN-005,Oxd,True
S00479,SYN-005,Oxd,True
S00480,SYN-005,Oxd,True
S00481,SYN-005,Oxd,False
S00482,SYN-005,Oxd,True
S00483,SYN-005,Oxd,True
S00484,SYN-005,Oxd,False
S00485,SYN-005,Oxd,True
S00486,SYN-005,Oxd,True
S00487,SYN-005,Oxd,True
S00488,SYN-005,Oxd,False
S00489,SYN-005,ArgAvd,True
S00490,SYN-005,ArgAvd,False
S00491,SYN-005,Fil,True
S00492,SYN-005,Oxd,False
S00493,SYN-005,Oxd,True
S00494,SYN-005,Fil,False
S00495,SYN-005,ArgAvd,True
S00496,SYN-005,Oxd,True
S00497,SYN-005,ArgAvd,True
S00498,SYN-005,Fil,True
S00499,SYN-005,ArgAvd,True
S00500,SYN-005,ArgAvd,False
S00501,SYN-005,ArgAvd,True
S00502,SYN-005,ArgAvd,True
S00503,SYN-005,ArgAvd,True
S00504,SYN-005,ArgAvd,True
S00505,SYN-005,ArgAvd,True
S00506,SYN-005,Fil,False
S00507,SYN-005,ArgAvd,True
S00508,SYN-005,ArgAvd,True
S00509,SYN-005,ArgAvd,False
S00510,SYN-005,ArgAvd,True
S00511,SYN-005,ArgAvd,True
S00512,SYN-005,ArgAvd,True
S00513,SYN-005,ArgAvd,False
S00514,SYN-005,ArgAvd,True
S00515,SYN-005,ArgAvd,True
S00516,SYN-005,ArgAvd,True
S00517,SYN-005,ArgAvd,False
S00518,SYN-005,Fil,True
S00519,SYN-005,ArgAvd,True
S00520,SYN-005,Fil,True
S00521,SYN-005,ArgAvd,False
S00522,SYN-005,Fil,False
S00523,SYN-005,ArgAvd,True
S00524,SYN-005,ArgAvd,True
S00525,SYN-005,ArgAvd,True
S00526,SYN-005,ArgAvd,True
S00527,SYN-005,ArgAvd,True
S00528,SYN-005,ArgAvd,True
S00529,SYN-005,Fil,True
S00530,SYN-005,Sk,True
S00531,SYN-005,ArgAvd,False
S00532,SYN-005,ArgAvd,True
S00533,SYN-005,Sk,False
S00534,SYN-005,ArgAvd,True
S00535,SYN-005,Fil,True
S00536,SYN-005,Sk,True
S00537,SYN-005,ArgAvd,True
S00538,SYN-005,Sk,True
S00539,SYN-005,Sk,True
S00540,SYN-005,Sk,True
S00541,SYN-005,Pro,False
S00542,SYN-005,Sk,True
S00543,SYN-005,Sk,True
S00544,SYN-005,Sk,True
S00545,SYN-005,Pro,True
S00546,SYN-005,Pro,True
S00547,SYN-005,Sk,True
S00548,SYN-005,Pro,True
S00549,SYN-005,Sk,True
S00550,SYN-005,Sk,True
S00551,SYN-005,Sk,True
S00552,SYN-005,Sk,True
S00553,SYN-005,Sk,True
S00554,SYN-005,Sk,False
S00555,SYN-005,Sk,True
S00556,SYN-005,Sk,True
S00557,SYN-005,Sk,False
S00558,SYN-005,Pro,True
S00559,SYN-005,Sk,True
S00560,SYN-005,Sk,False
S00561,SYN-006,Oxd,False
S00562,SYN-006,Oxd,True
S00563,SYN-006,Oxd,True
S00564,SYN-006,Oxd,True
S00565,SYN-006,Oxd,True
S00566,SYN-006,Oxd,True
S00567,SYN-006,Oxd,True
S00568,SYN-006,Oxd,True
S00569,SYN-006,Oxd,True
S00570,SYN-006,Oxd,True
S00571,SYN-006,Oxd,True
S00572,SYN-006,Oxd,True
S00573,SYN-006,Arg,True
S00574,SYN-006,Oxd,True
S00575,SYN-006,Oxd,True
S00576,SYN-006,Oxd,False
S00577,SYN-006,Oxd,True
S00578,SYN-006,Oxd,True
S00579,SYN-006,Oxd,True
S00580,SYN-006,Oxd,True
S00581,SYN-006,ArgAvd,True
S00582,SYN-006,Oxd,True
S00583,SYN-006,ArgAvd,True
S00584,SYN-006,ArgAvd,False
S00585,SYN-006,Oxd,True
S00586,SYN-006,Oxd,True
S00587,SYN-006,Oxd,True
S00588,SYN-006,Fil,True
S00589,SYN-006,Fil,True
S00590,SYN-006,Pro,False
S00591,SYN-006,Pro,True
S00592,SYN-006,Fil,True
S00593,SYN-006,Pro,True
S00594,SYN-006,Pro,True
S00595,SYN-006,Fil,True
S00596,SYN-006,Pro,True
S00597,SYN-006,Pro,True
S00598,SYN-006,Pro,True
S00599,SYN-006,Pro,True
S00600,SYN-006,Fil,True
S00601,SYN-006,Pro,True
S00602,SYN-006,Fil,True
S00603,SYN-006,Pro,True
S00604,SYN-006,Pro,False
S00605,SYN-006,Pro,True
S00606,SYN-006,Pro,True
S00607,SYN-006,Pro,True
S00608,SYN-006,Fil,True
S00609,SYN-006,Pro,True
S00610,SYN-006,Fil,True
S00611,SYN-006,Pro,True
S00612,SYN-006,Pro,False
S00613,SYN-006,Pro,False
S00614,SYN-006,Pro,True
S00615,SYN-006,Pro,True
S00616,SYN-006,Pro,True
S00617,SYN-006,Pro,True
S00618,SYN-006,Pro,True
S00619,SYN-006,Pro,True
S00620,SYN-006,Pro,True
S00621,SYN-006,Pro,True
S00622,SYN-006,Pro,True
S00623,SYN-006,Pro,True
S00624,SYN-006,Fil,True
S00625,SYN-006,Pro,True
S00626,SYN-006,Pro,False
S00627,SYN-006,Pro,True
S00628,SYN-006,Pro,False
S00629,SYN-006,Pro,True
S00630,SYN-006,Pro,True
S00631,SYN-006,Fil,True
S00632,SYN-006,Pro,True
S00633,SYN-006,Pro,True
S00634,SYN-006,Pro,True
S00635,SYN-006,Pro,True
S00636,SYN-006,Pro,True
S00637,SYN-006,Pro,True
S00638,SYN-006,Pro,True
S00639,SYN-006,Pro,True
S00640,SYN-006,Pro,True
S00641,SYN-006,Pro,True
S00642,SYN-006,Fil,True
S00643,SYN-006,Pro,True
S00644,SYN-006,Pro,True
S00645,SYN-006,Pro,True
S00646,SYN-006,Pro,True
S00647,SYN-006,Pro,True
S00648,SYN-006,Fil,True
S00649,SYN-006,Pro,True
S00650,SYN-006,Pro,True
S00651,SYN-006,Pro,True
S00652,SYN-006,Fil,False
S00653,SYN-006,Pro,True
S00654,SYN-006,Pro,True
S00655,SYN-006,Fil,True
S00656,SYN-006,Pro,False
S00657,SYN-006,Pro,True
S00658,SYN-006,Pro,True
S00659,SYN-006,Pro,True
S00660,SYN-006,Fil,False
S00661,SYN-006,Pro,False
S00662,SYN-006,Pro,True
S00663,SYN-006,Pro,True
S00664,SYN-006,Pro,True
S00665,SYN-006,Pro,True
S00666,SYN-006,Pro,True
S00667,SYN-006,Fil,False
S00668,SYN-006,Fil,True
S00669,SYN-006,Pro,True
S00670,SYN-006,Pro,True
S00671,SYN-006,Pro,True
S00672,SYN-006,Pro,True
S00673,SYN-006,Pro,True
S00674,SYN-006,Pro,True
S00675,SYN-006,Pro,True
S00676,SYN-006,Pro,False
S00677,SYN-006,Pro,True
S00678,SYN-006,Pro,True
S00679,SYN-006,Pro,True
S00680,SYN-006,Pro,False
S00681,SYN-006,Fil,True
S00682,SYN-006,Pro,True
S00683,SYN-006,Pro,True
S00684,SYN-006,Fil,True
S00685,SYN-006,Pro,True
S00686,SYN-006,Fil,True
S00687,SYN-006,Pro,True
S00688,SYN-006,Pro,True
S00689,SYN-006,Pro,True
S00690,SYN-006,Pro,True
S00691,SYN-006,Pro,True
S00692,SYN-006,Pro,True
S00693,SYN-006,Pro,True
S00694,SYN-006,Pro,True
S00695,SYN-006,Pro,True
S00696,SYN-006,Pro,True
S00697,SYN-006,Pro,False
S00698,SYN-006,Pro,True
S00699,SYN-006,Pro,True
S00700,SYN-006,Pro,False
S00701,SYN-006,Fil,False
S00702,SYN-006,Pro,False
S00703,SYN-006,Fil,True
S00704,SYN-006,Pro,False
S00705,SYN-006,Pro,True
S00706,SYN-006,Pro,True
S00707,SYN-006,Pro,True
S00708,SYN-006,Pro,True
S00709,SYN-006,Pro,False
S00710,SYN-006,Pro,True
S00711,SYN-006,Pro,True
S00712,SYN-006,Pro,True
S00713,SYN-006,Pro,True
S00714,SYN-006,Pro,True
S00715,SYN-006,Pro,True
S00716,SYN-006,Pro,True
S00717,SYN-006,Pro,True
S00718,SYN-006,Pro,True
S00719,SYN-007,Oxd,True
S00720,SYN-007,ArgAvd,True
S00721,SYN-007,Oxd,False
S00722,SYN-007,Oxd,True
S00723,SYN-007,Oxd,True
S00724,SYN-007,Oxd,True
S00725,SYN-007,ArgAvd,True
S00726,SYN-007,Oxd,False
S00727,SYN-007,Oxd,True
S00728,SYN-007,ArgAvd,True
S00729,SYN-007,Oxd,True
S00730,SYN-007,Oxd,True
S00731,SYN-007,Oxd,True
S00732,SYN-007,Oxd,True
S00733,SYN-007,Oxd,True
S00734,SYN-007,Oxd,True
S00735,SYN-007,Oxd,True
S00736,SYN-007,ArgAvd,True
S00737,SYN-007,Oxd,False
S00738,SYN-007,Oxd,True
S00739,SYN-007,Oxd,True
S00740,SYN-007,Oxd,True
S00741,SYN-007,Oxd,True
S00742,SYN-007,ArgAvd,False
S00743,SYN-007,Fil,True
S00744,SYN-007,ArgAvd,False
S00745,SYN-007,ArgAvd,True
S00746,SYN-007,ArgAvd,True
S00747,SYN-007,ArgAvd,True
S00748,SYN-007,Oxd,True
S00749,SYN-007,ArgAvd,True
S00750,SYN-007,ArgAvd,True
S00751,SYN-007,ArgAvd,True
S00752,SYN-007,ArgAvd,True
S00753,SYN-007,ArgAvd,True
S00754,SYN-007,ArgAvd,True
S00755,SYN-007,ArgAvd,True
S00756,SYN-007,ArgAvd,True
S00757,SYN-007,ArgAvd,False
S00758,SYN-007,ArgAvd,True
S00759,SYN-007,Fil,True
S00760,SYN-007,Fil,False
S00761,SYN-007,ArgAvd,True
S00762,SYN-007,ArgAvd,True
S00763,SYN-007,Fil,False
S00764,SYN-007,ArgAvd,True
S00765,SYN-007,Fil,True
S00766,SYN-007,ArgAvd,False
S00767,SYN-007,Fil,True
S00768,SYN-007,ArgAvd,False
S00769,SYN-007,ArgAvd,True
S00770,SYN-007,ArgAvd,True
S00771,SYN-007,ArgAvd,True
S00772,SYN-007,ArgAvd,True
S00773,SYN-007,ArgAvd,False
S00774,SYN-007,Fil,True
S00775,SYN-007,ArgAvd,False
S00776,SYN-007,ArgAvd,False
S00777,SYN-007,ArgAvd,True
S00778,SYN-007,ArgAvd,True
S00779,SYN-007,ArgAvd,True
S00780,SYN-007,Fil,True
S00781,SYN-007,ArgAvd,False
S00782,SYN-007,ArgAvd,True
S00783,SYN-007,Fil,True
S00784,SYN-007,Pro,True
S00785,SYN-007,ArgAvd,True
S00786,SYN-007,ArgAvd,False
S00787,SYN-007,ArgAvd,True
S00788,SYN-007,ArgAvd,True
S00789,SYN-007,ArgAvd,True
S00790,SYN-007,ArgAvd,True
S00791,SYN-007,Sk,True
S00792,SYN-007,Fil,True
S00793,SYN-007,Sk,True
S00794,SYN-007,Sk,True
S00795,SYN-007,Sk,False
S00796,SYN-007,Sk,True
S00797,SYN-007,ArgAvd,True
S00798,SYN-007,Sk,False
S00799,SYN-007,Sk,True
S00800,SYN-007,Sk,True
S00801,SYN-007,Sk,False
S00802,SYN-007,Pro,True
S00803,SYN-007,Sk,True
S00804,SYN-007,Sk,True
S00805,SYN-007,Sk,True
S00806,SYN-007,Sk,True
S00807,SYN-007,Sk,False
S00808,SYN-007,Sk,True
S00809,SYN-007,Sk,False
S00810,SYN-007,Sk,True
S00811,SYN-007,Sk,False
S00812,SYN-007,Sk,True
S00813,SYN-007,Sk,True
S00814,SYN-007,Sk,True
S00815,SYN-007,Sk,True
S00816,SYN-007,Pro,True
S00817,SYN-007,Sk,True
S00818,SYN-007,Sk,False
S00819,SYN-007,Sk,True
S00820,SYN-007,Sk,True
S00821,SYN-007,Pro,True
S00822,SYN-007,Pro,True
S00823,SYN-007,Sk,False
S00824,SYN-007,Sk,True
S00825,SYN-007,Sk,True
S00826,SYN-007,Sk,True
S00827,SYN-007,Sk,True
S00828,SYN-007,Sk,True
S00829,SYN-007,Pro,True
S00830,SYN-007,Sk,True
S00831,SYN-007,Pro,False
S00832,SYN-007,Sk,True
S00833,SYN-007,Pro,True
S00834,SYN-007,Sk,True
S00835,SYN-008,Oxd,True
S00836,SYN-008,Oxd,True
S00837,SYN-008,ArgAvd,True
S00838,SYN-008,Oxd,False
S00839,SYN-008,Oxd,True
S00840,SYN-008,Oxd,False
S00841,SYN-008,Oxd,False
S00842,SYN-008,Oxd,True
S00843,SYN-008,Oxd,True
S00844,SYN-008,Oxd,True
S00845,SYN-008,Oxd,True
S00846,SYN-008,Oxd,True
S00847,SYN-008,Oxd,True
S00848,SYN-008,Oxd,True
S00849,SYN-008,Oxd,False
S00850,SYN-008,Oxd,True
S00851,SYN-008,Oxd,True
S00852,SYN-008,Oxd,True
S00853,SYN-008,Oxd,True
S00854,SYN-008,Oxd,True
S00855,SYN-008,ArgAvd,True
S00856,SYN-008,Oxd,False
S00857,SYN-008,Oxd,True
S00858,SYN-008,ArgAvd,True
S00859,SYN-008,ArgAvd,False
S00860,SYN-008,ArgAvd,True
S00861,SYN-008,Oxd,True
S00862,SYN-008,Oxd,True
S00863,SYN-008,ArgAvd,True
S00864,SYN-008,Fil,True
S00865,SYN-008,ArgAvd,True
S00866,SYN-008,ArgAvd,True
S00867,SYN-008,Fil,True
S00868,SYN-008,ArgAvd,False
S00869,SYN-008,ArgAvd,False
S00870,SYN-008,ArgAvd,True
S00871,SYN-008,ArgAvd,True
S00872,SYN-008,ArgAvd,True
S00873,SYN-008,ArgAvd,True
S00874,SYN-008,ArgAvd,True
S00875,SYN-008,ArgAvd,True
S00876,SYN-008,Fil,True
S00877,SYN-008,Fil,True
S00878,SYN-008,ArgAvd,True
S00879,SYN-008,ArgAvd,True
S00880,SYN-008,Arg,True
S00881,SYN-008,Fil,True
S00882,SYN-008,ArgAvd,True
S00883,SYN-008,Fil,True
S00884,SYN-008,ArgAvd,True
S00885,SYN-008,Fil,True
S00886,SYN-008,ArgAvd,True
S00887,SYN-008,ArgAvd,True
S00888,SYN-008,ArgAvd,False
S00889,SYN-008,ArgAvd,True
S00890,SYN-008,Fil,True
S00891,SYN-008,Fil,True
S00892,SYN-008,Fil,True
S00893,SYN-008,ArgAvd,True
S00894,SYN-008,Fil,True
S00895,SYN-008,ArgAvd,True
S00896,SYN-008,Arg,True
S00897,SYN-008,Fil,True
S00898,SYN-008,ArgAvd,False
S00899,SYN-008,Fil,True
S00900,SYN-008,Arg,True
S00901,SYN-008,Fil,True
S00902,SYN-008,Arg,True
S00903,SYN-008,Fil,True
S00904,SYN-008,Sk,False
S00905,SYN-008,Fil,True
S00906,SYN-008,Sk,False
S00907,SYN-008,ArgAvd,True
S00908,SYN-008,Sk,True
S00909,SYN-008,Sk,True
S00910,SYN-008,Arg,True
S00911,SYN-008,Sk,True
S00912,SYN-008,Fil,True
S00913,SYN-008,Sk,False
S00914,SYN-008,Arg,True
S00915,SYN-008,Arg,False
S00916,SYN-008,Arg,True
S00917,SYN-008,Pro,True
S00918,SYN-008,Arg,True
S00919,SYN-008,Sk,True
S00920,SYN-008,Sk,False
S00921,SYN-008,Sk,True
S00922,SYN-008,Sk,True
S00923,SYN-008,Sk,False
S00924,SYN-008,Sk,False
S00925,SYN-008,Sk,True
S00926,SYN-008,Sk,True
S00927,SYN-008,Arg,True
S00928,SYN-008,Sk,True
S00929,SYN-008,Sk,True
S00930,SYN-008,Pro,True
S00931,SYN-008,Fil,True
S00932,SYN-008,Fil,True
S00933,SYN-008,Fil,True
S00934,SYN-008,Fil,True
S00935,SYN-008,Sk,True
S00936,SYN-008,Arg,True
S00937,SYN-008,Sk,True
S00938,SYN-008,Fil,True
S00939,SYN-008,Sk,True
S00940,SYN-008,Arg,False
S00941,SYN-008,Arg,True
S00942,SYN-008,Fil,True
S00943,SYN-008,Pro,True
S00944,SYN-008,Pro,True
S00945,SYN-008,Fil,True
S00946,SYN-008,Arg,True
S00947,SYN-008,Sk,True
S00948,SYN-008,Fil,True
S00949,SYN-008,Fil,True
S00950,SYN-008,Arg,True
S00951,SYN-008,Pro,True
S00952,SYN-008,Pro,True
S00953,SYN-008,Pro,True
S00954,SYN-008,Fil,True
S00955,SYN-008,Arg,True
S00956,SYN-008,Pro,True
S00957,SYN-008,Pro,False
S00958,SYN-008,Pro,True
S00959,SYN-008,Pro,True
S00960,SYN-008,Arg,True
S00961,SYN-008,Arg,True
S00962,SYN-008,Fil,True
S00963,SYN-008,Fil,True
S00964,SYN-008,Pro,True
S00965,SYN-008,Pro,False
S00966,SYN-008,Pro,True
S00967,SYN-008,Pro,True
S00968,SYN-008,Pro,True
S00969,SYN-008,Pro,True
S00970,SYN-008,Fil,True
S00971,SYN-008,Pro,True
S00972,SYN-008,Pro,True
S00973,SYN-008,Pro,True
S00974,SYN-008,Pro,True
S00975,SYN-008,Pro,True
S00976,SYN-008,Pro,True
S00977,SYN-008,Pro,True
S00978,SYN-008,Pro,True
S00979,SYN-008,Fil,True
S00980,SYN-008,Pro,True
S00981,SYN-008,Pro,True
S00982,SYN-008,Fil,False
S00983,SYN-008,Pro,False
S00984,SYN-008,Pro,True
S00985,SYN-008,Pro,True
S00986,SYN-008,Pro,True
S00987,SYN-008,Pro,False
S00988,SYN-008,Pro,True
S00989,SYN-008,Pro,True
S00990,SYN-008,Pro,True
S00991,SYN-008,Pro,False
S00992,SYN-008,Pro,True
S00993,SYN-009,Oxd,True
S00994,SYN-009,Oxd,False
S00995,SYN-009,Oxd,True
S00996,SYN-009,Oxd,True
S00997,SYN-009,Oxd,True
S00998,SYN-009,Oxd,True
S00999,SYN-009,Oxd,True
S01000,SYN-009,ArgAvd,False
S01001,SYN-009,Oxd,True
S01002,SYN-009,Oxd,False
S01003,SYN-009,Oxd,False
S01004,SYN-009,Oxd,False
S01005,SYN-009,Oxd,True
S01006,SYN-009,Oxd,True
S01007,SYN-009,ArgAvd,False
S01008,SYN-009,Oxd,True
S01009,SYN-009,Oxd,False
S01010,SYN-009,Oxd,True
S01011,SYN-009,Oxd,False
S01012,SYN-009,Oxd,False
S01013,SYN-009,Oxd,True
S01014,SYN-009,ArgAvd,True
S01015,SYN-009,ArgAvd,True
S01016,SYN-009,Oxd,True
S01017,SYN-009,Fil,True
S01018,SYN-009,Fil,True
S01019,SYN-009,Oxd,True
S01020,SYN-009,Oxd,False
S01021,SYN-009,Arg,True
S01022,SYN-009,ArgAvd,True
S01023,SYN-009,Fil,True
S01024,SYN-009,Oxd,True
S01025,SYN-009,Fil,True
S01026,SYN-009,Fil,False
S01027,SYN-009,Arg,True
S01028,SYN-009,Fil,False
S01029,SYN-009,Arg,True
S01030,SYN-009,Fil,False
S01031,SYN-009,Fil,False
S01032,SYN-009,Fil,True
S01033,SYN-009,Arg,False
S01034,SYN-009,Arg,True
S01035,SYN-009,Arg,True
S01036,SYN-009,Fil,True
S01037,SYN-009,Fil,True
S01038,SYN-009,Arg,False
S01039,SYN-009,Arg,True
S01040,SYN-009,Arg,True
S01041,SYN-009,Arg,True
S01042,SYN-009,Fil,True
S01043,SYN-009,Arg,True
S01044,SYN-009,Arg,True
S01045,SYN-009,Fil,True
S01046,SYN-009,Pro,False
S01047,SYN-009,Arg,False
S01048,SYN-009,Arg,True
S01049,SYN-009,Pro,True
S01050,SYN-009,Fil,True
S01051,SYN-009,Arg,False
S01052,SYN-009,Arg,False
S01053,SYN-009,Fil,True
S01054,SYN-009,Fil,True
S01055,SYN-009,Arg,True
S01056,SYN-009,Arg,True
S01057,SYN-009,Arg,True
S01058,SYN-009,Fil,True
S01059,SYN-009,Arg,True
S01060,SYN-009,Pro,True
S01061,SYN-009,Fil,True
S01062,SYN-009,Pro,True
S01063,SYN-009,Fil,True
S01064,SYN-009,Fil,True
S01065,SYN-009,Pro,True
S01066,SYN-009,Pro,True
S01067,SYN-009,Fil,True
S01068,SYN-009,Pro,True
S01069,SYN-009,Pro,False
S01070,SYN-009,Pro,True
S01071,SYN-009,Fil,False
S01072,SYN-009,Pro,True
S01073,SYN-009,Pro,True
S01074,SYN-009,Pro,True
S01075,SYN-009,Pro,True
S01076,SYN-009,Fil,True
S01077,SYN-009,Fil,False
S01078,SYN-009,Pro,False
S01079,SYN-009,Pro,False
S01080,SYN-009,Pro,True
S01081,SYN-009,Fil,True
S01082,SYN-009,Pro,True
S01083,SYN-009,Pro,True
S01084,SYN-009,Pro,True
S01085,SYN-009,Pro,True
S01086,SYN-009,Pro,True
S01087,SYN-009,Fil,True
S01088,SYN-009,Pro,True
S01089,SYN-009,Fil,True
S01090,SYN-009,Pro,True
S01091,SYN-009,Pro,True
S01092,SYN-009,Pro,False
S01093,SYN-009,Fil,True
S01094,SYN-009,Pro,True
S01095,SYN-009,Pro,True
S01096,SYN-009,Pro,True
S01097,SYN-009,Pro,True
S01098,SYN-009,Fil,False
S01099,SYN-009,Pro,False
S01100,SYN-009,Pro,True
S01101,SYN-009,Pro,True
S01102,SYN-009,Pro,True
S01103,SYN-009,Pro,True
S01104,SYN-009,Pro,True
S01105,SYN-009,Pro,True
S01106,SYN-009,Fil,True
S01107,SYN-009,Fil,True
S01108,SYN-009,Pro,True
S01109,SYN-009,Pro,True
S01110,SYN-009,Pro,False
S01111,SYN-009,Pro,True
S01112,SYN-009,Pro,True
S01113,SYN-009,Fil,False
S01114,SYN-009,Fil,True
S01115,SYN-009,Pro,False
S01116,SYN-009,Pro,True
S01117,SYN-009,Pro,True
S01118,SYN-009,Pro,True
S01119,SYN-009,Fil,True
S01120,SYN-009,Pro,False
S01121,SYN-009,Pro,True
S01122,SYN-009,Pro,True
S01123,SYN-009,Pro,True
S01124,SYN-009,Pro,True
S01125,SYN-009,Pro,True
S01126,SYN-009,Pro,True
S01127,SYN-009,Pro,False
S01128,SYN-009,Pro,True
S01129,SYN-009,Pro,True
S01130,SYN-009,Pro,True
S01131,SYN-009,Fil,False
S01132,SYN-009,Pro,True
S01133,SYN-009,Pro,True
S01134,SYN-009,Pro,True
S01135,SYN-009,Pro,True
S01136,SYN-009,Pro,False
S01137,SYN-009,Pro,True
S01138,SYN-009,Pro,False
S01139,SYN-009,Pro,True
S01140,SYN-009,Pro,True
S01141,SYN-009,Pro,True
S01142,SYN-009,Pro,True
S01143,SYN-009,Fil,True
S01144,SYN-009,Pro,True
S01145,SYN-009,Pro,True
S01146,SYN-009,Pro,True
S01147,SYN-009,Pro,False
S01148,SYN-009,Pro,True
S01149,SYN-010,Oxd,True
S01150,SYN-010,ArgAvd,True
S01151,SYN-010,ArgAvd,True
S01152,SYN-010,ArgAvd,False
S01153,SYN-010,Oxd,True
S01154,SYN-010,Oxd,False
S01155,SYN-010,Oxd,True
S01156,SYN-010,Oxd,True
S01157,SYN-010,Oxd,True
S01158,SYN-010,ArgAvd,True
S01159,SYN-010,Oxd,True
S01160,SYN-010,Oxd,True
S01161,SYN-010,Fil,True
S01162,SYN-010,Oxd,False
S01163,SYN-010,ArgAvd,False
S01164,SYN-010,Oxd,True
S01165,SYN-010,Oxd,True
S01166,SYN-010,Oxd,True
S01167,SYN-010,Oxd,True
S01168,SYN-010,Oxd,True
S01169,SYN-010,Pro,False
S01170,SYN-010,Oxd,True
S01171,SYN-010,Arg,True
S01172,SYN-010,Oxd,True
S01173,SYN-010,Oxd,True
S01174,SYN-010,Pro,True
S01175,SYN-010,Fil,True
S01176,SYN-010,Arg,True
S01177,SYN-010,Fil,True
S01178,SYN-010,Arg,True
S01179,SYN-010,Fil,True
S01180,SYN-010,Oxd,True
S01181,SYN-010,Fil,True
S01182,SYN-010,Arg,True
S01183,SYN-010,Fil,True
S01184,SYN-010,Fil,True
S01185,SYN-010,Fil,True
S01186,SYN-010,Arg,True
S01187,SYN-010,Fil,False
S01188,SYN-010,Fil,True
S01189,SYN-010,Pro,True
S01190,SYN-010,Pro,True
S01191,SYN-010,Pro,True
S01192,SYN-010,Pro,True
S01193,SYN-010,Arg,True
S01194,SYN-010,Fil,False
S01195,SYN-010,Fil,True
S01196,SYN-010,Fil,True
S01197,SYN-010,Pro,True
S01198,SYN-010,Pro,False
S01199,SYN-010,Fil,True
S01200,SYN-010,Pro,True
S01201,SYN-010,Pro,True
S01202,SYN-010,Pro,True
S01203,SYN-010,Pro,True
S01204,SYN-010,Pro,True
S01205,SYN-010,Pro,True
S01206,SYN-010,Pro,True
S01207,SYN-010,Pro,False
S01208,SYN-010,Fil,True
S01209,SYN-010,Pro,True
S01210,SYN-010,Pro,True
S01211,SYN-010,Fil,True
S01212,SYN-010,Pro,False
S01213,SYN-010,Fil,True
S01214,SYN-010,Pro,False
S01215,SYN-010,Fil,True
S01216,SYN-010,Pro,True
S01217,SYN-010,Pro,True
S01218,SYN-010,Pro,True
S01219,SYN-010,Pro,False
S01220,SYN-010,Pro,False
S01221,SYN-010,Pro,False
S01222,SYN-010,Pro,False
S01223,SYN-010,Pro,True
S01224,SYN-010,Pro,True
S01225,SYN-010,Pro,True
S01226,SYN-010,Pro,True
S01227,SYN-010,Pro,True
S01228,SYN-010,Pro,True
S01229,SYN-010,Fil,True
S01230,SYN-010,Pro,True
S01231,SYN-010,Pro,True
S01232,SYN-010,Pro,True
S01233,SYN-010,Pro,True
S01234,SYN-010,Pro,True
S01235,SYN-010,Pro,True
S01236,SYN-010,Pro,True
S01237,SYN-010,Pro,True
S01238,SYN-010,Pro,False
S01239,SYN-010,Pro,True
S01240,SYN-010,Pro,True
S01241,SYN-010,Pro,True
S01242,SYN-010,Pro,False
S01243,SYN-010,Pro,True
S01244,SYN-010,Pro,True
S01245,SYN-010,Fil,True
S01246,SYN-010,Pro,True
S01247,SYN-010,Pro,True
S01248,SYN-010,Pro,True
S01249,SYN-010,Pro,True
S01250,SYN-010,Pro,True
S01251,SYN-010,Pro,False
S01252,SYN-010,Pro,True
S01253,SYN-010,Pro,True
S01254,SYN-010,Pro,False
S01255,SYN-010,Pro,True
S01256,SYN-010,Pro,True
S01257,SYN-010,Pro,True
S01258,SYN-010,Pro,True
S01259,SYN-010,Pro,False
S01260,SYN-010,Pro,True
S01261,SYN-010,Fil,True
S01262,SYN-010,Pro,True
S01263,SYN-010,Pro,True
S01264,SYN-010,Pro,True
S01265,SYN-010,Pro,True
S01266,SYN-010,Pro,True
S01267,SYN-010,Pro,True
S01268,SYN-010,Pro,True
S01269,SYN-010,Pro,True
S01270,SYN-011,Oxd,False
S01271,SYN-011,Oxd,True
S01272,SYN-011,Oxd,True
S01273,SYN-011,Oxd,True
S01274,SYN-011,Oxd,True
S01275,SYN-011,Oxd,False
S01276,SYN-011,Oxd,True
S01277,SYN-011,ArgAvd,False
S01278,SYN-011,Oxd,True
S01279,SYN-011,Oxd,True
S01280,SYN-011,Oxd,True
S01281,SYN-011,Oxd,True
S01282,SYN-011,Oxd,False
S01283,SYN-011,Oxd,True
S01284,SYN-011,Oxd,True
S01285,SYN-011,Oxd,True
S01286,SYN-011,Oxd,True
S01287,SYN-011,Oxd,True
S01288,SYN-011,Oxd,False
S01289,SYN-011,Oxd,False
S01290,SYN-011,Oxd,True
S01291,SYN-011,Oxd,True
S01292,SYN-011,Fil,True
S01293,SYN-011,Oxd,True
S01294,SYN-011,Oxd,True
S01295,SYN-011,Oxd,True
S01296,SYN-011,Oxd,False
S01297,SYN-011,ArgAvd,True
S01298,SYN-011,Oxd,True
S01299,SYN-011,ArgAvd,True
S01300,SYN-011,Fil,False
S01301,SYN-011,Fil,True
S01302,SYN-011,ArgAvd,True
S01303,SYN-011,ArgAvd,True
S01304,SYN-011,ArgAvd,True
S01305,SYN-011,Fil,True
S01306,SYN-011,Arg,False
S01307,SYN-011,Fil,True
S01308,SYN-011,ArgAvd,True
S01309,SYN-011,Fil,True
S01310,SYN-011,ArgAvd,False
S01311,SYN-011,ArgAvd,True
S01312,SYN-011,ArgAvd,True
S01313,SYN-011,Arg,False
S01314,SYN-011,ArgAvd,True
S01315,SYN-011,Arg,True
S01316,SYN-011,Fil,False
S01317,SYN-011,Fil,False
S01318,SYN-011,Arg,True
S01319,SYN-011,Fil,True
S01320,SYN-011,Fil,True
S01321,SYN-011,Fil,True
S01322,SYN-011,Arg,True
S01323,SYN-011,Fil,False
S01324,SYN-011,ArgAvd,True
S01325,SYN-011,Fil,True
S01326,SYN-011,Arg,True
S01327,SYN-011,Arg,True
S01328,SYN-011,Arg,True
S01329,SYN-011,Arg,True
S01330,SYN-011,Fil,True
S01331,SYN-011,Fil,False
S01332,SYN-011,Arg,True
S01333,SYN-011,Arg,True
S01334,SYN-011,Arg,True
S01335,SYN-011,Arg,True
S01336,SYN-011,Sk,True
S01337,SYN-011,Arg,True
S01338,SYN-011,Fil,True
S01339,SYN-011,Fil,True
S01340,SYN-011,Pro,True
S01341,SYN-011,Arg,False
S01342,SYN-011,Sk,True
S01343,SYN-011,Arg,True
S01344,SYN-011,Arg,True
S01345,SYN-011,Arg,True
S01346,SYN-011,Fil,True
S01347,SYN-011,Arg,True
S01348,SYN-011,Arg,True
S01349,SYN-011,Fil,True
S01350,SYN-011,Arg,True
S01351,SYN-011,Arg,False
S01352,SYN-011,Pro,False
S01353,SYN-011,Arg,False
S01354,SYN-011,Fil,True
S01355,SYN-011,Arg,False
S01356,SYN-011,Fil,True
S01357,SYN-011,Arg,False
S01358,SYN-011,Fil,True
S01359,SYN-011,Pro,False
S01360,SYN-011,Pro,True
S01361,SYN-011,Pro,True
S01362,SYN-011,Arg,False
S01363,SYN-011,Fil,False
S01364,SYN-011,Arg,True
S01365,SYN-011,Pro,True
S01366,SYN-011,Pro,True
S01367,SYN-011,Pro,False
S01368,SYN-011,Fil,True
S01369,SYN-011,Pro,True
S01370,SYN-011,Pro,True
S01371,SYN-011,Pro,True
S01372,SYN-011,Pro,True
S01373,SYN-011,Arg,True
S01374,SYN-011,Pro,True
S01375,SYN-011,Pro,True
S01376,SYN-011,Pro,True
S01377,SYN-011,Pro,True
S01378,SYN-011,Fil,True
S01379,SYN-011,Pro,True
S01380,SYN-011,Arg,True
S01381,SYN-011,Pro,True
S01382,SYN-011,Pro,True
S01383,SYN-011,Pro,False
S01384,SYN-011,Fil,True
S01385,SYN-011,Fil,True
S01386,SYN-011,Pro,False
S01387,SYN-011,Pro,True
S01388,SYN-011,Pro,True
S01389,SYN-011,Pro,True
S01390,SYN-011,Pro,True
S01391,SYN-011,Pro,False
S01392,SYN-011,Pro,True
S01393,SYN-011,Fil,True
S01394,SYN-011,Pro,False
S01395,SYN-011,Pro,True
S01396,SYN-011,Pro,False
S01397,SYN-011,Fil,True
S01398,SYN-011,Pro,False
S01399,SYN-011,Pro,True
S01400,SYN-011,Pro,True
S01401,SYN-011,Pro,True
S01402,SYN-011,Pro,True
S01403,SYN-011,Pro,True
S01404,SYN-011,Pro,True
S01405,SYN-012,Oxd,True
S01406,SYN-012,Oxd,True
S01407,SYN-012,Oxd,True
S01408,SYN-012,Oxd,True
S01409,SYN-012,Oxd,True
S01410,SYN-012,Oxd,True
S01411,SYN-012,Oxd,False
S01412,SYN-012,ArgAvd,True
S01413,SYN-012,Oxd,True
S01414,SYN-012,ArgAvd,True
S01415,SYN-012,ArgAvd,True
S01416,SYN-012,Oxd,True
S01417,SYN-012,Oxd,True
S01418,SYN-012,Oxd,False
S01419,SYN-012,Oxd,True
S01420,SYN-012,Oxd,True
S01421,SYN-012,Oxd,True
S01422,SYN-012,Oxd,True
S01423,SYN-012,Oxd,False
S01424,SYN-012,Oxd,True
S01425,SYN-012,Oxd,True
S01426,SYN-012,Oxd,True
S01427,SYN-012,ArgAvd,True
S01428,SYN-012,ArgAvd,True
S01429,SYN-012,Fil,False
S01430,SYN-012,ArgAvd,True
S01431,SYN-012,ArgAvd,True
S01432,SYN-012,Oxd,False
S01433,SYN-012,Oxd,True
S01434,SYN-012,ArgAvd,False
S01435,SYN-012,ArgAvd,False
S01436,SYN-012,ArgAvd,True
S01437,SYN-012,ArgAvd,True
S01438,SYN-012,ArgAvd,True
S01439,SYN-012,ArgAvd,True
S01440,SYN-012,ArgAvd,False
S01441,SYN-012,ArgAvd,True
S01442,SYN-012,Fil,True
S01443,SYN-012,ArgAvd,True
S01444,SYN-012,ArgAvd,True
S01445,SYN-012,ArgAvd,True
S01446,SYN-012,ArgAvd,True
S01447,SYN-012,ArgAvd,False
S01448,SYN-012,Fil,True
S01449,SYN-012,ArgAvd,False
S01450,SYN-012,ArgAvd,False
S01451,SYN-012,ArgAvd,True
S01452,SYN-012,ArgAvd,True
S01453,SYN-012,ArgAvd,True
S01454,SYN-012,Fil,True
S01455,SYN-012,ArgAvd,True
S01456,SYN-012,ArgAvd,True
S01457,SYN-012,ArgAvd,True
S01458,SYN-012,ArgAvd,False
S01459,SYN-012,ArgAvd,False
S01460,SYN-012,ArgAvd,False
S01461,SYN-012,ArgAvd,True
S01462,SYN-012,ArgAvd,True
S01463,SYN-012,ArgAvd,False
S01464,SYN-012,ArgAvd,True
S01465,SYN-012,ArgAvd,True
S01466,SYN-012,ArgAvd,True
S01467,SYN-012,ArgAvd,False
S01468,SYN-012,Fil,False
S01469,SYN-012,ArgAvd,True
S01470,SYN-012,ArgAvd,True
S01471,SYN-012,ArgAvd,True
S01472,SYN-012,ArgAvd,True
S01473,SYN-012,Sk,True
S01474,SYN-012,Pro,True
S01475,SYN-012,Pro,True
S01476,SYN-012,Sk,True
S01477,SYN-012,ArgAvd,True
S01478,SYN-012,ArgAvd,True
S01479,SYN-012,Sk,True
S01480,SYN-012,Sk,True
S01481,SYN-012,ArgAvd,True
S01482,SYN-012,ArgAvd,True
S01483,SYN-012,Fil,True
S01484,SYN-012,Sk,True
S01485,SYN-012,Sk,True
S01486,SYN-012,Sk,True
S01487,SYN-012,Sk,True
S01488,SYN-012,Sk,True
S01489,SYN-012,Pro,True
S01490,SYN-012,Sk,True
S01491,SYN-012,Sk,True
S01492,SYN-012,Sk,True
S01493,SYN-012,Sk,False
S01494,SYN-012,Sk,True
S01495,SYN-012,Pro,True
S01496,SYN-012,Sk,False
S01497,SYN-012,Sk,False
S01498,SYN-012,Pro,True
S01499,SYN-012,Sk,False
S01500,SYN-012,Sk,False
S01501,SYN-012,Arg,True
S01502,SYN-012,Sk,True
S01503,SYN-012,Sk,True
S01504,SYN-013,Oxd,True
S01505,SYN-013,Oxd,True
S01506,SYN-013,Oxd,False
S01507,SYN-013,Oxd,True
S01508,SYN-013,Oxd,True
S01509,SYN-013,Oxd,True
S01510,SYN-013,Oxd,True
S01511,SYN-013,Oxd,False
S01512,SYN-013,Oxd,True
S01513,SYN-013,Oxd,True
S01514,SYN-013,Oxd,True
S01515,SYN-013,Oxd,True
S01516,SYN-013,Oxd,True
S01517,SYN-013,Oxd,True
S01518,SYN-013,Oxd,True
S01519,SYN-013,Oxd,True
S01520,SYN-013,ArgAvd,True
S01521,SYN-013,Oxd,True
S01522,SYN-013,Oxd,True
S01523,SYN-013,Oxd,True
S01524,SYN-013,ArgAvd,True
S01525,SYN-013,Oxd,True
S01526,SYN-013,Oxd,True
S01527,SYN-013,Pro,True
S01528,SYN-013,Arg,True
S01529,SYN-013,Fil,True
S01530,SYN-013,Oxd,True
S01531,SYN-013,Pro,True
S01532,SYN-013,Fil,False
S01533,SYN-013,Arg,True
S01534,SYN-013,Pro,True
S01535,SYN-013,Arg,True
S01536,SYN-013,Pro,True
S01537,SYN-013,Fil,True
S01538,SYN-013,Pro,True
S01539,SYN-013,Pro,False
S01540,SYN-013,Oxd,True
S01541,SYN-013,Fil,True
S01542,SYN-013,Pro,True
S01543,SYN-013,Pro,True
S01544,SYN-013,Pro,False
S01545,SYN-013,Pro,False
S01546,SYN-013,Fil,False
S01547,SYN-013,Pro,True
S01548,SYN-013,Pro,True
S01549,SYN-013,Pro,True
S01550,SYN-013,Pro,True
S01551,SYN-013,Pro,True
S01552,SYN-013,Fil,True
S01553,SYN-013,Pro,True
S01554,SYN-013,Pro,True
S01555,SYN-013,Pro,True
S01556,SYN-013,Pro,True
S01557,SYN-013,Fil,False
S01558,SYN-013,Pro,True
S01559,SYN-013,Pro,True
S01560,SYN-013,Pro,True
S01561,SYN-013,Pro,False
S01562,SYN-013,Pro,True
S01563,SYN-013,Pro,True
S01564,SYN-013,Pro,True
S01565,SYN-013,Fil,True
S01566,SYN-013,Pro,True
S01567,SYN-013,Pro,True
S01568,SYN-013,Pro,True
S01569,SYN-013,Pro,True
S01570,SYN-013,Pro,True
S01571,SYN-013,Pro,True
S01572,SYN-013,Fil,True
S01573,SYN-013,Pro,True
S01574,SYN-013,Pro,True
S01575,SYN-013,Pro,True
S01576,SYN-013,Pro,True
S01577,SYN-013,Pro,True
S01578,SYN-013,Pro,True
S01579,SYN-013,Pro,False
S01580,SYN-013,Pro,True
S01581,SYN-013,Pro,False
S01582,SYN-013,Pro,True
S01583,SYN-013,Pro,True
S01584,SYN-013,Pro,True
S01585,SYN-013,Pro,True
S01586,SYN-013,Pro,True
S01587,SYN-013,Pro,True
S01588,SYN-013,Pro,True
S01589,SYN-013,Pro,False
S01590,SYN-013,Pro,True
S01591,SYN-013,Pro,True
S01592,SYN-013,Pro,True
S01593,SYN-013,Pro,True
S01594,SYN-013,Fil,True
S01595,SYN-013,Pro,True
S01596,SYN-014,Oxd,True
S01597,SYN-014,Oxd,True
S01598,SYN-014,Oxd,True
S01599,SYN-014,Oxd,True
S01600,SYN-014,Oxd,True
S01601,SYN-014,Oxd,True
S01602,SYN-014,ArgAvd,True
S01603,SYN-014,Oxd,False
S01604,SYN-014,Oxd,True
S01605,SYN-014,Oxd,True
S01606,SYN-014,Oxd,True
S01607,SYN-014,Oxd,True
S01608,SYN-014,Oxd,True
S01609,SYN-014,Oxd,True
S01610,SYN-014,Oxd,False
S01611,SYN-014,Oxd,True
S01612,SYN-014,Oxd,True
S01613,SYN-014,Oxd,True
S01614,SYN-014,Oxd,True
S01615,SYN-014,Arg,True
S01616,SYN-014,Oxd,True
S01617,SYN-014,Oxd,True
S01618,SYN-014,Oxd,False
S01619,SYN-014,Arg,True
S01620,SYN-014,Oxd,True
S01621,SYN-014,Fil,True
S01622,SYN-014,Arg,True
S01623,SYN-014,Fil,True
S01624,SYN-014,Oxd,False
S01625,SYN-014,Oxd,True
S01626,SYN-014,Arg,True
S01627,SYN-014,Fil,True
S01628,SYN-014,Pro,True
S01629,SYN-014,Arg,True
S01630,SYN-014,Fil,True
S01631,SYN-014,Pro,False
S01632,SYN-014,Pro,False
S01633,SYN-014,Pro,False
S01634,SYN-014,Fil,True
S01635,SYN-014,Fil,True
S01636,SYN-014,Fil,True
S01637,SYN-014,Fil,True
S01638,SYN-014,Pro,True
S01639,SYN-014,Arg,True
S01640,SYN-014,Pro,True
S01641,SYN-014,Arg,True
S01642,SYN-014,Fil,True
S01643,SYN-014,Pro,True
S01644,SYN-014,Pro,True
S01645,SYN-014,Fil,True
S01646,SYN-014,Pro,False
S01647,SYN-014,Pro,True
S01648,SYN-014,Pro,True
S01649,SYN-014,Arg,True
S01650,SYN-014,Fil,False
S01651,SYN-014,Pro,True
S01652,SYN-014,Pro,False
S01653,SYN-014,Pro,True
S01654,SYN-014,Pro,True
S01655,SYN-014,Pro,True
S01656,SYN-014,Pro,True
S01657,SYN-014,Pro,True
S01658,SYN-014,Pro,True
S01659,SYN-014,Fil,True
S01660,SYN-014,Pro,True
S01661,SYN-014,Pro,True
S01662,SYN-014,Fil,False
S01663,SYN-014,Pro,True
S01664,SYN-014,Pro,True
S01665,SYN-014,Pro,True
S01666,SYN-014,Pro,False
S01667,SYN-014,Pro,True
S01668,SYN-014,Pro,True
S01669,SYN-014,Fil,True
S01670,SYN-014,Pro,True
S01671,SYN-014,Pro,False
S01672,SYN-014,Pro,True
S01673,SYN-014,Pro,False
S01674,SYN-014,Pro,False
S01675,SYN-014,Pro,True
S01676,SYN-014,Pro,False
S01677,SYN-014,Pro,True
S01678,SYN-014,Pro,True
S01679,SYN-014,Pro,True
S01680,SYN-014,Pro,False
S01681,SYN-014,Pro,False
S01682,SYN-014,Pro,True
S01683,SYN-014,Pro,True
S01684,SYN-014,Pro,False
S01685,SYN-014,Fil,True
S01686,SYN-014,Pro,True
S01687,SYN-014,Pro,True
S01688,SYN-014,Pro,False
S01689,SYN-014,Fil,False
S01690,SYN-014,Pro,True
S01691,SYN-014,Pro,True
S01692,SYN-014,Pro,False
S01693,SYN-014,Pro,True
S01694,SYN-014,Pro,True
S01695,SYN-015,Oxd,True
S01696,SYN-015,Oxd,True
S01697,SYN-015,Oxd,True
S01698,SYN-015,ArgAvd,False
S01699,SYN-015,Oxd,True
S01700,SYN-015,Oxd,False
S01701,SYN-015,Oxd,False
S01702,SYN-015,Oxd,True
S01703,SYN-015,Oxd,True
S01704,SYN-015,Oxd,True
S01705,SYN-015,Oxd,True
S01706,SYN-015,Oxd,True
S01707,SYN-015,Oxd,True
S01708,SYN-015,Oxd,True
S01709,SYN-015,ArgAvd,True
S01710,SYN-015,Oxd,True
S01711,SYN-015,Oxd,True
S01712,SYN-015,Oxd,True
S01713,SYN-015,Fil,True
S01714,SYN-015,Oxd,False
S01715,SYN-015,Oxd,True
S01716,SYN-015,Oxd,True
S01717,SYN-015,Arg,True
S01718,SYN-015,Oxd,True
S01719,SYN-015,Oxd,True
S01720,SYN-015,Oxd,True
S01721,SYN-015,Arg,True
S01722,SYN-015,Arg,True
S01723,SYN-015,Fil,True
S01724,SYN-015,Arg,True
S01725,SYN-015,Arg,True
S01726,SYN-015,Arg,True
S01727,SYN-015,Arg,True
S01728,SYN-015,Fil,True
S01729,SYN-015,Fil,False
S01730,SYN-015,Arg,True
S01731,SYN-015,Pro,True
S01732,SYN-015,Arg,False
S01733,SYN-015,Fil,True
S01734,SYN-015,Arg,False
S01735,SYN-015,Arg,True
S01736,SYN-015,Fil,True
S01737,SYN-015,Fil,True
S01738,SYN-015,Pro,True
S01739,SYN-015,Pro,True
S01740,SYN-015,Fil,True
S01741,SYN-015,Arg,True
S01742,SYN-015,Pro,True
S01743,SYN-015,Pro,True
S01744,SYN-015,Fil,True
S01745,SYN-015,Pro,True
S01746,SYN-015,Fil,True
S01747,SYN-015,Fil,True
S01748,SYN-015,Pro,True
S01749,SYN-015,Pro,True
S01750,SYN-015,Pro,True
S01751,SYN-015,Pro,True
S01752,SYN-015,Pro,True
S01753,SYN-015,Arg,False
S01754,SYN-015,Fil,True
S01755,SYN-015,Fil,True
S01756,SYN-015,Pro,True
S01757,SYN-015,Pro,False
S01758,SYN-015,Pro,True
S01759,SYN-015,Pro,True
S01760,SYN-015,Pro,True
S01761,SYN-015,Pro,True
S01762,SYN-015,Pro,True
S01763,SYN-015,Pro,True
S01764,SYN-015,Pro,True
S01765,SYN-015,Pro,False
S01766,SYN-015,Fil,True
S01767,SYN-015,Fil,True
S01768,SYN-015,Pro,True
S01769,SYN-015,Pro,True
S01770,SYN-015,Fil,True
S01771,SYN-015,Pro,True
S01772,SYN-015,Pro,True
S01773,SYN-015,Pro,False
S01774,SYN-015,Pro,False
S01775,SYN-015,Pro,True
S01776,SYN-015,Pro,True
S01777,SYN-015,Pro,True
S01778,SYN-015,Pro,False
S01779,SYN-015,Pro,True
S01780,SYN-015,Pro,True
S01781,SYN-015,Fil,True
S01782,SYN-015,Fil,True
S01783,SYN-015,Pro,True
S01784,SYN-015,Pro,True
S01785,SYN-015,Pro,True
S01786,SYN-015,Pro,True
S01787,SYN-015,Pro,True
S01788,SYN-015,Fil,True
S01789,SYN-015,Pro,True
S01790,SYN-015,Pro,True
S01791,SYN-015,Pro,True
S01792,SYN-015,Pro,True
S01793,SYN-015,Pro,True
S01794,SYN-015,Pro,False
S01795,SYN-015,Pro,True
S01796,SYN-015,Pro,True
S01797,SYN-015,Pro,True
S01798,SYN-015,Fil,True
S01799,SYN-015,Pro,True
S01800,SYN-015,Pro,True
S01801,SYN-015,Pro,True
S01802,SYN-015,Fil,True
S01803,SYN-015,Pro,True
S01804,SYN-015,Pro,True
S01805,SYN-015,Pro,False
S01806,SYN-015,Pro,True
S01807,SYN-015,Pro,True
S01808,SYN-015,Pro,True
S01809,SYN-015,Pro,False
S01810,SYN-015,Pro,True
S01811,SYN-015,Pro,True
S01812,SYN-015,Pro,True
S01813,SYN-015,Pro,True
S01814,SYN-015,Fil,True
S01815,SYN-015,Pro,True
S01816,SYN-015,Pro,True
S01817,SYN-015,Pro,False
S01818,SYN-015,Pro,True
S01819,SYN-015,Pro,True
S01820,SYN-015,Pro,True
S01821,SYN-015,Pro,True
S01822,SYN-015,Pro,True
S01823,SYN-015,Pro,True
S01824,SYN-015,Pro,True
S01825,SYN-015,Pro,True
S01826,SYN-015,Pro,True
S01827,SYN-015,Pro,False
S01828,SYN-015,Pro,True
S01829,SYN-015,Pro,True
S01830,SYN-015,Pro,True
S01831,SYN-015,Pro,False
S01832,SYN-015,Pro,False
S01833,SYN-015,Fil,True
S01834,SYN-015,Fil,True
S01835,SYN-015,Pro,True
S01836,SYN-015,Pro,True
S01837,SYN-015,Pro,False
S01838,SYN-015,Pro,True
S01839,SYN-015,Pro,True
S01840,SYN-015,Pro,True
S01841,SYN-016,Oxd,True
S01842,SYN-016,Oxd,True
S01843,SYN-016,Oxd,True
S01844,SYN-016,Oxd,True
S01845,SYN-016,Oxd,True
S01846,SYN-016,Oxd,True
S01847,SYN-016,ArgAvd,True
S01848,SYN-016,Oxd,True
S01849,SYN-016,Oxd,True
S01850,SYN-016,Oxd,True
S01851,SYN-016,Oxd,True
S01852,SYN-016,Oxd,True
S01853,SYN-016,Oxd,True
S01854,SYN-016,Oxd,True
S01855,SYN-016,Oxd,True
S01856,SYN-016,ArgAvd,True
S01857,SYN-016,Oxd,False
S01858,SYN-016,Oxd,False
S01859,SYN-016,Oxd,True
S01860,SYN-016,Oxd,True
S01861,SYN-016,Oxd,False
S01862,SYN-016,Oxd,True
S01863,SYN-016,Oxd,True
S01864,SYN-016,Oxd,True
S01865,SYN-016,Fil,False
S01866,SYN-016,ArgAvd,False
S01867,SYN-016,Oxd,True
S01868,SYN-016,ArgAvd,True
S01869,SYN-016,ArgAvd,True
S01870,SYN-016,ArgAvd,False
S01871,SYN-016,ArgAvd,True
S01872,SYN-016,ArgAvd,True
S01873,SYN-016,ArgAvd,True
S01874,SYN-016,Fil,True
S01875,SYN-016,ArgAvd,True
S01876,SYN-016,ArgAvd,True
S01877,SYN-016,ArgAvd,True
S01878,SYN-016,ArgAvd,True
S01879,SYN-016,ArgAvd,True
S01880,SYN-016,ArgAvd,True
S01881,SYN-016,ArgAvd,True
S01882,SYN-016,ArgAvd,True
S01883,SYN-016,ArgAvd,True
S01884,SYN-016,ArgAvd,True
S01885,SYN-016,ArgAvd,True
S01886,SYN-016,Fil,True
S01887,SYN-016,ArgAvd,False
S01888,SYN-016,ArgAvd,True
S01889,SYN-016,ArgAvd,False
S01890,SYN-016,ArgAvd,True
S01891,SYN-016,ArgAvd,True
S01892,SYN-016,ArgAvd,True
S01893,SYN-016,ArgAvd,True
S01894,SYN-016,ArgAvd,True
S01895,SYN-016,ArgAvd,True
S01896,SYN-016,ArgAvd,True
S01897,SYN-016,ArgAvd,True
S01898,SYN-016,ArgAvd,True
S01899,SYN-016,ArgAvd,True
S01900,SYN-016,ArgAvd,True
S01901,SYN-016,ArgAvd,False
S01902,SYN-016,ArgAvd,True
S01903,SYN-016,ArgAvd,False
S01904,SYN-016,ArgAvd,True
S01905,SYN-016,ArgAvd,True
S01906,SYN-016,ArgAvd,True
S01907,SYN-016,ArgAvd,True
S01908,SYN-016,ArgAvd,True
S01909,SYN-016,ArgAvd,True
S01910,SYN-016,Sk,True
S01911,SYN-016,ArgAvd,True
S01912,SYN-016,Sk,True
S01913,SYN-016,Sk,False
S01914,SYN-016,Sk,False
S01915,SYN-016,Sk,False
S01916,SYN-016,ArgAvd,True
S01917,SYN-016,ArgAvd,False
S01918,SYN-016,Sk,False
S01919,SYN-016,Sk,True
S01920,SYN-016,ArgAvd,True
S01921,SYN-016,Sk,False
S01922,SYN-016,Sk,True
S01923,SYN-016,Sk,True
S01924,SYN-016,Sk,True
S01925,SYN-016,Sk,True
S01926,SYN-016,Sk,True
S01927,SYN-016,Sk,True
S01928,SYN-016,Sk,True
S01929,SYN-016,Sk,True
S01930,SYN-016,Sk,True
S01931,SYN-016,Sk,True
S01932,SYN-016,Sk,False
S01933,SYN-016,Sk,True
S01934,SYN-016,Sk,True
S01935,SYN-016,Sk,True
S01936,SYN-016,Sk,True
S01937,SYN-016,Sk,True
S01938,SYN-016,Sk,True
S01939,SYN-016,Sk,True
S01940,SYN-016,Sk,False
S01941,SYN-016,Sk,True
S01942,SYN-016,Sk,False
S01943,SYN-016,Sk,True
S01944,SYN-016,Sk,True
S01945,SYN-016,Sk,True
S01946,SYN-016,Sk,True
S01947,SYN-016,Sk,True
S01948,SYN-016,Sk,True
S01949,SYN-016,Sk,False
S01950,SYN-016,Sk,True
S01951,SYN-016,Sk,True
S01952,SYN-017,Oxd,True
S01953,SYN-017,ArgAvd,False
S01954,SYN-017,Oxd,True
S01955,SYN-017,Oxd,True
S01956,SYN-017,Oxd,True
S01957,SYN-017,Oxd,True
S01958,SYN-017,Oxd,True
S01959,SYN-017,Oxd,True
S01960,SYN-017,Oxd,True
S01961,SYN-017,Oxd,True
S01962,SYN-017,Oxd,True
S01963,SYN-017,Oxd,True
S01964,SYN-017,Oxd,True
S01965,SYN-017,Oxd,True
S01966,SYN-017,Oxd,False
S01967,SYN-017,Oxd,True
S01968,SYN-017,ArgAvd,True
S01969,SYN-017,Oxd,False
S01970,SYN-017,Oxd,True
S01971,SYN-017,Oxd,True
S01972,SYN-017,ArgAvd,True
S01973,SYN-017,ArgAvd,False
S01974,SYN-017,Oxd,True
S01975,SYN-017,ArgAvd,False
S01976,SYN-017,Oxd,False
S01977,SYN-017,ArgAvd,True
S01978,SYN-017,Oxd,True
S01979,SYN-017,ArgAvd,True
S01980,SYN-017,ArgAvd,True
S01981,SYN-017,ArgAvd,False
S01982,SYN-017,ArgAvd,False
S01983,SYN-017,ArgAvd,True
S01984,SYN-017,ArgAvd,True
S01985,SYN-017,ArgAvd,True
S01986,SYN-017,ArgAvd,False
S01987,SYN-017,ArgAvd,True
S01988,SYN-017,ArgAvd,False
S01989,SYN-017,ArgAvd,True
S01990,SYN-017,ArgAvd,True
S01991,SYN-017,ArgAvd,True
S01992,SYN-017,ArgAvd,True
S01993,SYN-017,Fil,True
S01994,SYN-017,ArgAvd,True
S01995,SYN-017,ArgAvd,False
S01996,SYN-017,ArgAvd,True
S01997,SYN-017,ArgAvd,True
S01998,SYN-017,ArgAvd,False
S01999,SYN-017,ArgAvd,False
S02000,SYN-017,ArgAvd,False
S02001,SYN-017,ArgAvd,True
S02002,SYN-017,ArgAvd,False
S02003,SYN-017,ArgAvd,False
S02004,SYN-017,ArgAvd,True
S02005,SYN-017,ArgAvd,True
S02006,SYN-017,ArgAvd,True
S02007,SYN-017,ArgAvd,True
S02008,SYN-017,ArgAvd,True
S02009,SYN-017,ArgAvd,False
S02010,SYN-017,ArgAvd,True
S02011,SYN-017,ArgAvd,True
S02012,SYN-017,ArgAvd,True
S02013,SYN-017,ArgAvd,False
S02014,SYN-017,ArgAvd,False
S02015,SYN-017,ArgAvd,True
S02016,SYN-017,ArgAvd,True
S02017,SYN-017,ArgAvd,True
S02018,SYN-017,ArgAvd,True
S02019,SYN-017,ArgAvd,True
S02020,SYN-017,ArgAvd,True
S02021,SYN-017,ArgAvd,False
S02022,SYN-017,ArgAvd,True
S02023,SYN-017,ArgAvd,True
S02024,SYN-017,Sk,False
S02025,SYN-017,ArgAvd,True
S02026,SYN-017,Pro,True
S02027,SYN-017,ArgAvd,True
S02028,SYN-017,ArgAvd,True
S02029,SYN-017,ArgAvd,True
S02030,SYN-017,ArgAvd,True
S02031,SYN-017,Sk,True
S02032,SYN-017,Sk,True
S02033,SYN-017,ArgAvd,True
S02034,SYN-017,Sk,True
S02035,SYN-017,Sk,True
S02036,SYN-017,Sk,True
S02037,SYN-017,Sk,True
S02038,SYN-017,Pro,True
S02039,SYN-017,Sk,True
S02040,SYN-017,Sk,True
S02041,SYN-017,Sk,True
S02042,SYN-017,Sk,True
S02043,SYN-017,Pro,False
S02044,SYN-017,Sk,True
S02045,SYN-017,Sk,True
S02046,SYN-017,Sk,False
S02047,SYN-017,Sk,True
S02048,SYN-017,Sk,False
S02049,SYN-017,Sk,True
S02050,SYN-017,Sk,True
S02051,SYN-017,Sk,True
S02052,SYN-017,Sk,False
S02053,SYN-017,Sk,True
S02054,SYN-017,Sk,True
S02055,SYN-017,Sk,True
S02056,SYN-017,Sk,False
S02057,SYN-017,Sk,True
S02058,SYN-017,Sk,True
S02059,SYN-017,Sk,True
S02060,SYN-017,Sk,True
S02061,SYN-017,Pro,True
S02062,SYN-017,Sk,True
S02063,SYN-017,Pro,False
S02064,SYN-017,Sk,False
S02065,SYN-017,Sk,True
S02066,SYN-017,Sk,True
S02067,SYN-017,Sk,True
S02068,SYN-017,Pro,True
S02069,SYN-017,Sk,True
S02070,SYN-017,Sk,True
S02071,SYN-017,Sk,True
S02072,SYN-017,Sk,True
S02073,SYN-017,Sk,True
S02074,SYN-017,Sk,True
S02075,SYN-017,Sk,False
S02076,SYN-017,Sk,False
S02077,SYN-017,Sk,True
S02078,SYN-017,Sk,True
S02079,SYN-017,Pro,True
S02080,SYN-017,Sk,True
S02081,SYN-017,Sk,True
S02082,SYN-017,Sk,True
S02083,SYN-017,Sk,True
S02084,SYN-017,Sk,True
S02085,SYN-017,Arg,True
S02086,SYN-017,Sk,False
S02087,SYN-017,Sk,True
S02088,SYN-017,Sk,True
S02089,SYN-017,Sk,False
S02090,SYN-017,Pro,False
S02091,SYN-017,Sk,True
S02092,SYN-017,Sk,True
S02093,SYN-017,Sk,True
S02094,SYN-017,Arg,True
S02095,SYN-017,Pro,True
S02096,SYN-017,Sk,True
S02097,SYN-017,Sk,True
S02098,SYN-017,Arg,True
S02099,SYN-017,Sk,True
S02100,SYN-017,Arg,True
S02101,SYN-017,Sk,True
S02102,SYN-017,Arg,True
S02103,SYN-017,Sk,False
S02104,SYN-017,Arg,True
S02105,SYN-017,Pro,False
S02106,SYN-017,Arg,True
S02107,SYN-018,Oxd,True
S02108,SYN-018,Oxd,True
S02109,SYN-018,Oxd,True
S02110,SYN-018,ArgAvd,True
S02111,SYN-018,Oxd,True
S02112,SYN-018,Oxd,True
S02113,SYN-018,Oxd,True
S02114,SYN-018,ArgAvd,False
S02115,SYN-018,ArgAvd,True
S02116,SYN-018,Oxd,False
S02117,SYN-018,Oxd,True
S02118,SYN-018,Oxd,True
S02119,SYN-018,Oxd,False
S02120,SYN-018,Oxd,True
S02121,SYN-018,Oxd,True
S02122,SYN-018,ArgAvd,True
S02123,SYN-018,Oxd,True
S02124,SYN-018,Oxd,True
S02125,SYN-018,ArgAvd,True
S02126,SYN-018,Oxd,True
S02127,SYN-018,Oxd,True
S02128,SYN-018,Oxd,False
S02129,SYN-018,Oxd,True
S02130,SYN-018,Fil,True
S02131,SYN-018,Fil,True
S02132,SYN-018,Fil,True
S02133,SYN-018,Fil,True
S02134,SYN-018,Arg,False
S02135,SYN-018,Arg,True
S02136,SYN-018,Arg,True
S02137,SYN-018,Fil,True
S02138,SYN-018,Fil,True
S02139,SYN-018,Arg,True
S02140,SYN-018,Oxd,False
S02141,SYN-018,Arg,True
S02142,SYN-018,Arg,True
S02143,SYN-018,Arg,False
S02144,SYN-018,Arg,True
S02145,SYN-018,Arg,True
S02146,SYN-018,Fil,True
S02147,SYN-018,Pro,True
S02148,SYN-018,Fil,True
S02149,SYN-018,Fil,True
S02150,SYN-018,Arg,True
S02151,SYN-018,Fil,True
S02152,SYN-018,Fil,True
S02153,SYN-018,Fil,True
S02154,SYN-018,Arg,True
S02155,SYN-018,Arg,True
S02156,SYN-018,Fil,True
S02157,SYN-018,Arg,True
S02158,SYN-018,Fil,True
S02159,SYN-018,Fil,False
S02160,SYN-018,Pro,True
S02161,SYN-018,Fil,True
S02162,SYN-018,Fil,True
S02163,SYN-018,Fil,True
S02164,SYN-018,Fil,True
S02165,SYN-018,Pro,True
S02166,SYN-018,Fil,True
S02167,SYN-018,Fil,True
S02168,SYN-018,Fil,True
S02169,SYN-018,Pro,False
S02170,SYN-018,Pro,False
S02171,SYN-018,Fil,True
S02172,SYN-018,Pro,True
S02173,SYN-018,Pro,True
S02174,SYN-018,Arg,True
S02175,SYN-018,Pro,True
S02176,SYN-018,Pro,True
S02177,SYN-018,Fil,True
S02178,SYN-018,Pro,True
S02179,SYN-018,Pro,True
S02180,SYN-018,Fil,True
S02181,SYN-018,Pro,True
S02182,SYN-018,Fil,True
S02183,SYN-018,Pro,False
S02184,SYN-018,Pro,True
S02185,SYN-018,Pro,True
S02186,SYN-018,Pro,True
S02187,SYN-018,Pro,True
S02188,SYN-018,Pro,True
S02189,SYN-018,Fil,True
S02190,SYN-018,Pro,False
S02191,SYN-018,Fil,True
S02192,SYN-018,Fil,True
S02193,SYN-018,Pro,False
S02194,SYN-018,Pro,True
S02195,SYN-018,Pro,False
S02196,SYN-018,Pro,True
S02197,SYN-018,Fil,True
S02198,SYN-018,Pro,True
S02199,SYN-018,Fil,True
S02200,SYN-018,Pro,True
S02201,SYN-018,Pro,True
S02202,SYN-018,Pro,True
S02203,SYN-018,Pro,True
S02204,SYN-018,Pro,True
S02205,SYN-018,Pro,False
S02206,SYN-018,Pro,True
S02207,SYN-018,Pro,True
S02208,SYN-018,Fil,True
S02209,SYN-018,Pro,True
S02210,SYN-018,Pro,True
S02211,SYN-018,Pro,True
S02212,SYN-018,Pro,True
S02213,SYN-018,Pro,True
S02214,SYN-018,Pro,True
S02215,SYN-018,Pro,True
S02216,SYN-018,Pro,True
S02217,SYN-019,Oxd,True
S02218,SYN-019,Oxd,True
S02219,SYN-019,Oxd,True
S02220,SYN-019,Oxd,True
S02221,SYN-019,Oxd,False
S02222,SYN-019,ArgAvd,True
S02223,SYN-019,Oxd,True
S02224,SYN-019,Oxd,True
S02225,SYN-019,Oxd,True
S02226,SYN-019,Oxd,True
S02227,SYN-019,Oxd,True
S02228,SYN-019,Oxd,True
S02229,SYN-019,Oxd,True
S02230,SYN-019,Oxd,True
S02231,SYN-019,ArgAvd,False
S02232,SYN-019,Oxd,True
S02233,SYN-019,Oxd,True
S02234,SYN-019,Oxd,True
S02235,SYN-019,ArgAvd,True
S02236,SYN-019,Oxd,True
S02237,SYN-019,Oxd,True
S02238,SYN-019,Oxd,True
S02239,SYN-019,Oxd,False
S02240,SYN-019,ArgAvd,True
S02241,SYN-019,ArgAvd,True
S02242,SYN-019,ArgAvd,False
S02243,SYN-019,Fil,True
S02244,SYN-019,Arg,True
S02245,SYN-019,Fil,True
S02246,SYN-019,Fil,True
S02247,SYN-019,Fil,False
S02248,SYN-019,ArgAvd,True
S02249,SYN-019,Oxd,True
S02250,SYN-019,Fil,True
S02251,SYN-019,Fil,True
S02252,SYN-019,Fil,True
S02253,SYN-019,Fil,True
S02254,SYN-019,ArgAvd,True
S02255,SYN-019,Arg,True
S02256,SYN-019,Fil,False
S02257,SYN-019,Fil,True
S02258,SYN-019,Fil,True
S02259,SYN-019,ArgAvd,True
S02260,SYN-019,ArgAvd,False
S02261,SYN-019,Fil,True
S02262,SYN-019,ArgAvd,True
S02263,SYN-019,Fil,False
S02264,SYN-019,ArgAvd,True
S02265,SYN-019,ArgAvd,True
S02266,SYN-019,Arg,True
S02267,SYN-019,ArgAvd,False
S02268,SYN-019,ArgAvd,True
S02269,SYN-019,ArgAvd,True
S02270,SYN-019,ArgAvd,True
S02271,SYN-019,ArgAvd,False
S02272,SYN-019,ArgAvd,True
S02273,SYN-019,ArgAvd,True
S02274,SYN-019,ArgAvd,True
S02275,SYN-019,Fil,True
S02276,SYN-019,ArgAvd,True
S02277,SYN-019,ArgAvd,False
S02278,SYN-019,ArgAvd,True
S02279,SYN-019,Arg,True
S02280,SYN-019,ArgAvd,True
S02281,SYN-019,Fil,True
S02282,SYN-019,ArgAvd,False
S02283,SYN-019,ArgAvd,True
S02284,SYN-019,Pro,False
S02285,SYN-019,Fil,True
S02286,SYN-019,ArgAvd,True
S02287,SYN-019,ArgAvd,False
S02288,SYN-019,ArgAvd,True
S02289,SYN-019,ArgAvd,True
S02290,SYN-019,ArgAvd,True
S02291,SYN-019,Sk,True
S02292,SYN-019,ArgAvd,True
S02293,SYN-019,Sk,True
S02294,SYN-019,Pro,True
S02295,SYN-019,Sk,True
S02296,SYN-019,Sk,True
S02297,SYN-019,Sk,False
S02298,SYN-019,Sk,True
S02299,SYN-019,Sk,True
S02300,SYN-019,Sk,False
S02301,SYN-019,Pro,True
S02302,SYN-019,Pro,True
S02303,SYN-019,Sk,True
S02304,SYN-019,Sk,True
S02305,SYN-019,Sk,True
S02306,SYN-019,Sk,True
S02307,SYN-019,Sk,False
S02308,SYN-019,Sk,True
S02309,SYN-019,Sk,False
S02310,SYN-019,Sk,True
S02311,SYN-019,Sk,True
S02312,SYN-019,Sk,True
S02313,SYN-019,Sk,True
S02314,SYN-020,ArgAvd,True
S02315,SYN-020,Oxd,True
S02316,SYN-020,Oxd,True
S02317,SYN-020,ArgAvd,True
S02318,SYN-020,Oxd,True
S02319,SYN-020,ArgAvd,True
S02320,SYN-020,Oxd,True
S02321,SYN-020,Oxd,True
S02322,SYN-020,Oxd,True
S02323,SYN-020,Oxd,True
S02324,SYN-020,Oxd,True
S02325,SYN-020,Oxd,True
S02326,SYN-020,ArgAvd,True
S02327,SYN-020,Oxd,True
S02328,SYN-020,Oxd,True
S02329,SYN-020,Oxd,True
S02330,SYN-020,Oxd,True
S02331,SYN-020,Oxd,True
S02332,SYN-020,Oxd,True
S02333,SYN-020,Oxd,True
S02334,SYN-020,Oxd,True
S02335,SYN-020,Oxd,True
S02336,SYN-020,Oxd,True
S02337,SYN-020,ArgAvd,False
S02338,SYN-020,ArgAvd,True
S02339,SYN-020,Oxd,True
S02340,SYN-020,Oxd,False
S02341,SYN-020,Fil,True
S02342,SYN-020,Fil,True
S02343,SYN-020,ArgAvd,False
S02344,SYN-020,ArgAvd,False
S02345,SYN-020,ArgAvd,True
S02346,SYN-020,ArgAvd,True
S02347,SYN-020,ArgAvd,False
S02348,SYN-020,ArgAvd,True
S02349,SYN-020,ArgAvd,True
S02350,SYN-020,ArgAvd,False
S02351,SYN-020,ArgAvd,True
S02352,SYN-020,ArgAvd,True
S02353,SYN-020,ArgAvd,True
S02354,SYN-020,ArgAvd,True
S02355,SYN-020,ArgAvd,True
S02356,SYN-020,ArgAvd,True
S02357,SYN-020,ArgAvd,True
S02358,SYN-020,ArgAvd,False
S02359,SYN-020,ArgAvd,True
S02360,SYN-020,ArgAvd,False
S02361,SYN-020,ArgAvd,True
S02362,SYN-020,ArgAvd,True
S02363,SYN-020,ArgAvd,False
S02364,SYN-020,ArgAvd,True
S02365,SYN-020,ArgAvd,True
S02366,SYN-020,ArgAvd,True
S02367,SYN-020,ArgAvd,False
S02368,SYN-020,ArgAvd,False
S02369,SYN-020,ArgAvd,True
S02370,SYN-020,ArgAvd,True
S02371,SYN-020,ArgAvd,True
S02372,SYN-020,ArgAvd,True
S02373,SYN-020,ArgAvd,True
S02374,SYN-020,ArgAvd,True
S02375,SYN-020,ArgAvd,True
S02376,SYN-020,ArgAvd,True
S02377,SYN-020,Sk,True
S02378,SYN-020,Fil,False
S02379,SYN-020,ArgAvd,True
S02380,SYN-020,ArgAvd,True
S02381,SYN-020,ArgAvd,True
S02382,SYN-020,ArgAvd,True
S02383,SYN-020,Sk,True
S02384,SYN-020,ArgAvd,True
S02385,SYN-020,Sk,True
S02386,SYN-020,ArgAvd,True
S02387,SYN-020,ArgAvd,True
S02388,SYN-020,Pro,True
S02389,SYN-020,Sk,True
S02390,SYN-020,Sk,True
S02391,SYN-020,Fil,False
S02392,SYN-020,Sk,True
S02393,SYN-020,Sk,False
S02394,SYN-020,Sk,True
S02395,SYN-020,Pro,True
S02396,SYN-020,Sk,True
S02397,SYN-020,Sk,True
S02398,SYN-020,Pro,True
S02399,SYN-020,Sk,True
S02400,SYN-020,Sk,True
S02401,SYN-020,Sk,True
S02402,SYN-020,Sk,True
S02403,SYN-020,Sk,True
S02404,SYN-020,Sk,True
S02405,SYN-020,Sk,True
S02406,SYN-020,Sk,True
S02407,SYN-020,Sk,True
S02408,SYN-020,Sk,True
S02409,SYN-020,Sk,False
S02410,SYN-021,ArgAvd,True
S02411,SYN-021,Oxd,True
S02412,SYN-021,ArgAvd,True
S02413,SYN-021,Oxd,True
S02414,SYN-021,Oxd,False
S02415,SYN-021,Oxd,True
S02416,SYN-021,Oxd,True
S02417,SYN-021,Oxd,True
S02418,SYN-021,Oxd,True
S02419,SYN-021,Oxd,True
S02420,SYN-021,ArgAvd,True
S02421,SYN-021,Oxd,True
S02422,SYN-021,ArgAvd,True
S02423,SYN-021,Oxd,False
S02424,SYN-021,ArgAvd,True
S02425,SYN-021,Oxd,True
S02426,SYN-021,ArgAvd,True
S02427,SYN-021,Oxd,True
S02428,SYN-021,Oxd,True
S02429,SYN-021,Oxd,True
S02430,SYN-021,Oxd,True
S02431,SYN-021,Oxd,True
S02432,SYN-021,Oxd,True
S02433,SYN-021,Oxd,True
S02434,SYN-021,Fil,True
S02435,SYN-021,Oxd,True
S02436,SYN-021,ArgAvd,True
S02437,SYN-021,ArgAvd,True
S02438,SYN-021,Fil,True
S02439,SYN-021,Fil,False
S02440,SYN-021,Fil,True
S02441,SYN-021,Fil,True
S02442,SYN-021,Fil,True
S02443,SYN-021,Oxd,True
S02444,SYN-021,Fil,False
S02445,SYN-021,ArgAvd,True
S02446,SYN-021,Fil,False
S02447,SYN-021,Fil,True
S02448,SYN-021,ArgAvd,True
S02449,SYN-021,ArgAvd,True
S02450,SYN-021,Fil,False
S02451,SYN-021,ArgAvd,False
S02452,SYN-021,ArgAvd,True
S02453,SYN-021,Fil,True
S02454,SYN-021,ArgAvd,True
S02455,SYN-021,ArgAvd,True
S02456,SYN-021,ArgAvd,True
S02457,SYN-021,Fil,False
S02458,SYN-021,Fil,True
S02459,SYN-021,Fil,True
S02460,SYN-021,ArgAvd,True
S02461,SYN-021,ArgAvd,True
S02462,SYN-021,Arg,False
S02463,SYN-021,Fil,True
S02464,SYN-021,ArgAvd,True
S02465,SYN-021,ArgAvd,False
S02466,SYN-021,ArgAvd,False
S02467,SYN-021,ArgAvd,True
S02468,SYN-021,ArgAvd,True
S02469,SYN-021,ArgAvd,True
S02470,SYN-021,ArgAvd,True
S02471,SYN-021,ArgAvd,True
S02472,SYN-021,ArgAvd,True
S02473,SYN-021,ArgAvd,True
S02474,SYN-021,Fil,True
S02475,SYN-021,ArgAvd,True
S02476,SYN-021,ArgAvd,True
S02477,SYN-021,ArgAvd,True
S02478,SYN-021,Sk,True
S02479,SYN-021,ArgAvd,False
S02480,SYN-021,Sk,True
S02481,SYN-021,ArgAvd,True
S02482,SYN-021,ArgAvd,True
S02483,SYN-021,ArgAvd,True
S02484,SYN-021,Sk,True
S02485,SYN-021,Fil,True
S02486,SYN-021,Sk,True
S02487,SYN-021,Sk,True
S02488,SYN-021,Fil,False
S02489,SYN-021,Sk,True
S02490,SYN-021,Pro,True
S02491,SYN-021,Sk,False
S02492,SYN-021,Sk,True
S02493,SYN-021,Pro,True
S02494,SYN-021,Sk,True
S02495,SYN-021,Sk,True
S02496,SYN-021,Sk,True
S02497,SYN-021,Sk,True
S02498,SYN-021,Pro,True
S02499,SYN-021,Pro,True
S02500,SYN-021,Sk,True
S02501,SYN-021,Pro,True
S02502,SYN-021,Sk,True
S02503,SYN-021,Sk,True
S02504,SYN-021,Sk,True
S02505,SYN-021,Sk,True
S02506,SYN-021,Sk,True
S02507,SYN-021,Sk,False
S02508,SYN-021,Pro,True
S02509,SYN-021,Sk,True
S02510,SYN-021,Sk,True
S02511,SYN-021,Sk,True
S02512,SYN-021,Sk,True
S02513,SYN-021,Sk,True
S02514,SYN-021,Sk,True
S02515,SYN-021,Sk,True
S02516,SYN-022,Oxd,True
S02517,SYN-022,Oxd,False
S02518,SYN-022,Oxd,True
S02519,SYN-022,Oxd,True
S02520,SYN-022,ArgAvd,True
S02521,SYN-022,Oxd,True
S02522,SYN-022,Oxd,False
S02523,SYN-022,Oxd,True
S02524,SYN-022,Oxd,True
S02525,SYN-022,Oxd,True
S02526,SYN-022,Oxd,True
S02527,SYN-022,Oxd,True
S02528,SYN-022,Oxd,True
S02529,SYN-022,Oxd,True
S02530,SYN-022,Oxd,True
S02531,SYN-022,Oxd,True
S02532,SYN-022,Oxd,True
S02533,SYN-022,ArgAvd,True
S02534,SYN-022,Oxd,True
S02535,SYN-022,Oxd,True
S02536,SYN-022,Oxd,True
S02537,SYN-022,Oxd,True
S02538,SYN-022,Oxd,True
S02539,SYN-022,ArgAvd,True
S02540,SYN-022,ArgAvd,True
S02541,SYN-022,ArgAvd,False
S02542,SYN-022,ArgAvd,True
S02543,SYN-022,ArgAvd,True
S02544,SYN-022,ArgAvd,True
S02545,SYN-022,ArgAvd,True
S02546,SYN-022,ArgAvd,True
S02547,SYN-022,ArgAvd,True
S02548,SYN-022,ArgAvd,True
S02549,SYN-022,ArgAvd,True
S02550,SYN-022,ArgAvd,True
S02551,SYN-022,ArgAvd,True
S02552,SYN-022,ArgAvd,False
S02553,SYN-022,ArgAvd,True
S02554,SYN-022,ArgAvd,True
S02555,SYN-022,Fil,True
S02556,SYN-022,ArgAvd,True
S02557,SYN-022,ArgAvd,True
S02558,SYN-022,ArgAvd,True
S02559,SYN-022,ArgAvd,True
S02560,SYN-022,ArgAvd,True
S02561,SYN-022,ArgAvd,False
S02562,SYN-022,ArgAvd,True
S02563,SYN-022,ArgAvd,True
S02564,SYN-022,ArgAvd,True
S02565,SYN-022,ArgAvd,False
S02566,SYN-022,Fil,False
S02567,SYN-022,ArgAvd,True
S02568,SYN-022,ArgAvd,False
S02569,SYN-022,ArgAvd,True
S02570,SYN-022,ArgAvd,True
S02571,SYN-022,Fil,True
S02572,SYN-022,Fil,False
S02573,SYN-022,ArgAvd,True
S02574,SYN-022,Fil,True
S02575,SYN-022,Fil,False
S02576,SYN-022,Fil,True
S02577,SYN-022,Fil,True
S02578,SYN-022,Arg,True
S02579,SYN-022,Arg,False
S02580,SYN-022,Fil,True
S02581,SYN-022,Fil,False
S02582,SYN-022,Sk,True
S02583,SYN-022,Fil,False
S02584,SYN-022,Fil,False
S02585,SYN-022,Fil,True
S02586,SYN-022,Sk,True
S02587,SYN-022,Sk,True
S02588,SYN-022,Sk,True
S02589,SYN-022,Sk,True
S02590,SYN-022,Sk,False
S02591,SYN-022,Sk,True
S02592,SYN-022,Sk,True
S02593,SYN-022,Arg,False
S02594,SYN-022,Fil,True
S02595,SYN-022,Sk,True
S02596,SYN-022,Sk,True
S02597,SYN-022,Sk,False
S02598,SYN-022,Arg,True
S02599,SYN-022,Arg,True
S02600,SYN-022,Sk,True
S02601,SYN-022,Sk,True
S02602,SYN-022,Arg,True
S02603,SYN-022,Arg,True
S02604,SYN-022,Sk,True
S02605,SYN-022,Sk,True
S02606,SYN-022,Arg,True
S02607,SYN-022,Arg,False
S02608,SYN-022,Fil,False
S02609,SYN-022,Arg,True
S02610,SYN-022,Sk,True
S02611,SYN-022,Sk,True
S02612,SYN-022,Fil,False
S02613,SYN-022,Arg,True
S02614,SYN-022,Arg,False
S02615,SYN-022,Fil,False
S02616,SYN-022,Sk,True
S02617,SYN-022,Arg,True
S02618,SYN-022,Arg,False
S02619,SYN-022,Arg,False
S02620,SYN-022,Fil,False
S02621,SYN-022,Arg,True
S02622,SYN-022,Arg,True
S02623,SYN-022,Arg,True
S02624,SYN-022,Arg,False
S02625,SYN-022,Fil,True
S02626,SYN-022,Fil,True
S02627,SYN-023,Oxd,True
S02628,SYN-023,Oxd,True
S02629,SYN-023,Oxd,True
S02630,SYN-023,Oxd,True
S02631,SYN-023,Oxd,True
S02632,SYN-023,Oxd,True
S02633,SYN-023,Oxd,True
S02634,SYN-023,Oxd,True
S02635,SYN-023,Oxd,False
S02636,SYN-023,Oxd,False
S02637,SYN-023,Oxd,True
S02638,SYN-023,Oxd,False
S02639,SYN-023,Oxd,True
S02640,SYN-023,Oxd,True
S02641,SYN-023,ArgAvd,True
S02642,SYN-023,Fil,True
S02643,SYN-023,Oxd,True
S02644,SYN-023,Oxd,True
S02645,SYN-023,Oxd,True
S02646,SYN-023,Oxd,True
S02647,SYN-023,Oxd,True
S02648,SYN-023,Arg,False
S02649,SYN-023,Fil,True
S02650,SYN-023,Oxd,True
S02651,SYN-023,Oxd,True
S02652,SYN-023,Pro,True
S02653,SYN-023,Pro,True
S02654,SYN-023,Fil,True
S02655,SYN-023,Pro,True
S02656,SYN-023,Arg,True
S02657,SYN-023,Fil,True
S02658,SYN-023,Pro,True
S02659,SYN-023,Pro,True
S02660,SYN-023,ArgAvd,False
S02661,SYN-023,Pro,True
S02662,SYN-023,Pro,True
S02663,SYN-023,Arg,True
S02664,SYN-023,Pro,True
S02665,SYN-023,Fil,True
S02666,SYN-023,Pro,True
S02667,SYN-023,Fil,True
S02668,SYN-023,Arg,True
S02669,SYN-023,Pro,False
S02670,SYN-023,Pro,False
S02671,SYN-023,Fil,True
S02672,SYN-023,Pro,True
S02673,SYN-023,Fil,True
S02674,SYN-023,Fil,True
S02675,SYN-023,Pro,True
S02676,SYN-023,Pro,True
S02677,SYN-023,Pro,True
S02678,SYN-023,Fil,True
S02679,SYN-023,Fil,True
S02680,SYN-023,Fil,True
S02681,SYN-023,Arg,True
S02682,SYN-023,Pro,True
S02683,SYN-023,Pro,False
S02684,SYN-023,Arg,True
S02685,SYN-023,Pro,False
S02686,SYN-023,Pro,True
S02687,SYN-023,Fil,True
S02688,SYN-023,Pro,True
S02689,SYN-023,Arg,True
S02690,SYN-023,Pro,False
S02691,SYN-023,Fil,False
S02692,SYN-023,Fil,True
S02693,SYN-023,Pro,True
S02694,SYN-023,Pro,True
S02695,SYN-023,Pro,True
S02696,SYN-023,Pro,True
S02697,SYN-023,Pro,True
S02698,SYN-023,Pro,True
S02699,SYN-023,Pro,True
S02700,SYN-023,Fil,True
S02701,SYN-023,Pro,False
S02702,SYN-023,Pro,False
S02703,SYN-023,Pro,True
S02704,SYN-023,Pro,True
S02705,SYN-023,Pro,False
S02706,SYN-023,Pro,True
S02707,SYN-023,Pro,True
S02708,SYN-023,Pro,True
S02709,SYN-023,Fil,True
S02710,SYN-023,Pro,True
S02711,SYN-023,Pro,True
S02712,SYN-023,Pro,True
S02713,SYN-023,Pro,True
S02714,SYN-023,Pro,False
S02715,SYN-023,Pro,True
S02716,SYN-023,Pro,True
S02717,SYN-023,Pro,True
S02718,SYN-023,Fil,True
S02719,SYN-023,Pro,True
S02720,SYN-023,Pro,True
S02721,SYN-023,Pro,True
S02722,SYN-023,Pro,True
S02723,SYN-023,Pro,True
S02724,SYN-023,Pro,True
S02725,SYN-023,Pro,True
S02726,SYN-023,Pro,True
S02727,SYN-023,Pro,True
S02728,SYN-023,Pro,True
S02729,SYN-023,Fil,True
S02730,SYN-023,Pro,True
S02731,SYN-023,Pro,True
S02732,SYN-023,Fil,True
S02733,SYN-023,Pro,True
S02734,SYN-023,Pro,True
S02735,SYN-023,Fil,True
S02736,SYN-023,Pro,False
S02737,SYN-023,Pro,True
S02738,SYN-023,Pro,True
S02739,SYN-023,Pro,True
S02740,SYN-023,Pro,True
S02741,SYN-023,Pro,True
S02742,SYN-023,Fil,True
S02743,SYN-023,Fil,True
S02744,SYN-023,Fil,True
S02745,SYN-023,Pro,True
S02746,SYN-023,Pro,True
S02747,SYN-023,Fil,True
S02748,SYN-023,Pro,True
S02749,SYN-023,Pro,True
S02750,SYN-023,Pro,True
S02751,SYN-023,Pro,True
S02752,SYN-023,Fil,True
S02753,SYN-023,Pro,True
S02754,SYN-023,Pro,True
S02755,SYN-023,Pro,True
S02756,SYN-023,Pro,True
S02757,SYN-023,Pro,True
S02758,SYN-023,Pro,True
S02759,SYN-023,Pro,True
S02760,SYN-023,Pro,True
S02761,SYN-023,Pro,True
S02762,SYN-023,Pro,True
S02763,SYN-023,Pro,True
S02764,SYN-023,Pro,True
S02765,SYN-023,Pro,True
S02766,SYN-023,Pro,True
S02767,SYN-023,Pro,True
S02768,SYN-023,Pro,True
S02769,SYN-023,Pro,True
S02770,SYN-023,Pro,True
S02771,SYN-024,Oxd,True
S02772,SYN-024,Oxd,False
S02773,SYN-024,Oxd,True
S02774,SYN-024,Oxd,True
S02775,SYN-024,Oxd,True
S02776,SYN-024,Oxd,True
S02777,SYN-024,Oxd,True
S02778,SYN-024,Oxd,True
S02779,SYN-024,Oxd,False
S02780,SYN-024,Oxd,True
S02781,SYN-024,Oxd,False
S02782,SYN-024,Oxd,True
S02783,SYN-024,Oxd,True
S02784,SYN-024,Oxd,False
S02785,SYN-024,ArgAvd,False
S02786,SYN-024,Oxd,True
S02787,SYN-024,Oxd,True
S02788,SYN-024,Oxd,True
S02789,SYN-024,ArgAvd,True
S02790,SYN-024,Oxd,False
S02791,SYN-024,Oxd,True
S02792,SYN-024,Oxd,True
S02793,SYN-024,Oxd,True
S02794,SYN-024,Oxd,True
S02795,SYN-024,Oxd,True
S02796,SYN-024,ArgAvd,True
S02797,SYN-024,Oxd,True
S02798,SYN-024,Oxd,True
S02799,SYN-024,ArgAvd,True
S02800,SYN-024,Fil,True
S02801,SYN-024,ArgAvd,True
S02802,SYN-024,ArgAvd,True
S02803,SYN-024,Fil,True
S02804,SYN-024,Oxd,True
S02805,SYN-024,ArgAvd,True
S02806,SYN-024,Fil,False
S02807,SYN-024,Fil,False
S02808,SYN-024,ArgAvd,True
S02809,SYN-024,ArgAvd,True
S02810,SYN-024,ArgAvd,True
S02811,SYN-024,ArgAvd,False
S02812,SYN-024,ArgAvd,False
S02813,SYN-024,ArgAvd,True
S02814,SYN-024,ArgAvd,True
S02815,SYN-024,ArgAvd,True
S02816,SYN-024,Fil,True
S02817,SYN-024,ArgAvd,True
S02818,SYN-024,ArgAvd,True
S02819,SYN-024,ArgAvd,False
S02820,SYN-024,ArgAvd,True
S02821,SYN-024,ArgAvd,True
S02822,SYN-024,ArgAvd,True
S02823,SYN-024,ArgAvd,False
S02824,SYN-024,ArgAvd,True
S02825,SYN-024,ArgAvd,True
S02826,SYN-024,ArgAvd,True
S02827,SYN-024,ArgAvd,True
S02828,SYN-024,ArgAvd,False
S02829,SYN-024,ArgAvd,True
S02830,SYN-024,ArgAvd,True
S02831,SYN-024,ArgAvd,True
S02832,SYN-024,ArgAvd,True
S02833,SYN-024,ArgAvd,True
S02834,SYN-024,ArgAvd,True
S02835,SYN-024,ArgAvd,True
S02836,SYN-024,ArgAvd,True
S02837,SYN-024,Fil,True
S02838,SYN-024,ArgAvd,False
S02839,SYN-024,ArgAvd,True
S02840,SYN-024,Fil,True
S02841,SYN-024,ArgAvd,False
S02842,SYN-024,Sk,True
S02843,SYN-024,ArgAvd,True
S02844,SYN-024,Fil,False
S02845,SYN-024,Pro,True
S02846,SYN-024,ArgAvd,False
S02847,SYN-024,ArgAvd,False
S02848,SYN-024,ArgAvd,True
S02849,SYN-024,ArgAvd,True
S02850,SYN-024,ArgAvd,True
S02851,SYN-024,Sk,True
S02852,SYN-024,Sk,True
S02853,SYN-024,Sk,False
S02854,SYN-024,Fil,True
S02855,SYN-024,ArgAvd,True
S02856,SYN-024,Pro,True
S02857,SYN-024,Sk,True
S02858,SYN-024,Sk,True
S02859,SYN-024,Sk,False
S02860,SYN-024,Sk,True
S02861,SYN-024,Pro,True
S02862,SYN-024,Sk,True
S02863,SYN-024,Sk,True
S02864,SYN-024,Sk,True
S02865,SYN-024,Sk,True
S02866,SYN-024,Sk,True
S02867,SYN-024,Pro,True
S02868,SYN-024,Sk,True
S02869,SYN-024,Sk,True
S02870,SYN-024,Sk,True
S02871,SYN-024,Sk,True
S02872,SYN-024,Sk,True
S02873,SYN-024,Sk,True
S02874,SYN-024,Sk,True
S02875,SYN-024,Sk,True
S02876,SYN-024,Sk,False
S02877,SYN-024,Sk,True
S02878,SYN-024,Sk,True
S02879,SYN-024,Sk,True
S02880,SYN-024,Sk,False
S02881,SYN-024,Sk,True
S02882,SYN-024,Sk,True
S02883,SYN-024,Sk,False
S02884,SYN-024,Sk,True
S02885,SYN-024,Sk,False
S02886,SYN-024,Sk,False
S02887,SYN-024,Sk,True
S02888,SYN-024,Sk,True
S02889,SYN-024,Sk,False
S02890,SYN-024,Sk,True
S02891,SYN-024,Sk,True
S02892,SYN-024,Sk,False
S02893,SYN-024,Sk,True
S02894,SYN-024,Sk,True
S02895,SYN-024,Sk,False
S02896,SYN-024,Sk,True
S02897,SYN-024,Sk,True
S02898,SYN-024,Sk,True
S02899,SYN-024,Sk,True
S02900,SYN-024,Sk,True
S02901,SYN-024,Sk,True
S02902,SYN-024,Sk,True
S02903,SYN-024,Sk,True
S02904,SYN-024,Sk,True
S02905,SYN-024,Sk,True
S02906,SYN-024,Sk,True
S02907,SYN-024,Sk,False
S02908,SYN-024,Sk,True
S02909,SYN-024,Sk,False
S02910,SYN-024,Sk,True
S02911,SYN-024,Sk,True
S02912,SYN-024,Sk,True
S02913,SYN-024,Sk,True
S02914,SYN-024,Sk,True
S02915,SYN-024,Sk,False
S02916,SYN-024,Sk,True
S02917,SYN-024,Sk,True
S02918,SYN-024,Sk,True
S02919,SYN-024,Pro,True
S02920,SYN-024,Sk,True
S02921,SYN-024,Sk,False
S02922,SYN-024,Sk,True
S02923,SYN-024,Sk,False
S02924,SYN-024,Sk,True
S02925,SYN-024,Sk,True
S02926,SYN-024,Sk,True
S02927,SYN-024,Sk,True
S02928,SYN-024,Sk,True
